Data,Kurs ?redni,Zmiana
21/07/2023,3.999,0.71
20/07/2023,3.971,0.25
19/07/2023,3.9612,0.41
18/07/2023,3.9451,-0.42
17/07/2023,3.9616,0
14/07/2023,3.9617,-0.27
13/07/2023,3.9724,-1.54
12/07/2023,4.0347,-0.07
11/07/2023,4.0374,-0.63
10/07/2023,4.0632,-1.35
07/07/2023,4.1189,0
06/07/2023,4.1191,0.79
05/07/2023,4.0869,0.57
04/07/2023,4.0636,-0.19
03/07/2023,4.0714,-0.86
30/06/2023,4.1066,0.57
29/06/2023,4.0832,0.28
28/06/2023,4.0719,0.59
27/06/2023,4.0481,-0.46
26/06/2023,4.0669,-0.55
23/06/2023,4.0893,1.4
22/06/2023,4.033,-0.78
21/06/2023,4.0648,0.17
20/06/2023,4.058,-0.25
19/06/2023,4.068,-0.09
16/06/2023,4.0715,-1.18
15/06/2023,4.1203,-0.46
14/06/2023,4.1393,-0.11
13/06/2023,4.1439,0.66
12/06/2023,4.1169,-0.91
09/06/2023,4.1545,-0.82
07/06/2023,4.1887,-0.18
06/06/2023,4.1964,0.07
05/06/2023,4.1933,0.07
02/06/2023,4.1903,-1.17
01/06/2023,4.2399,-0.38
31/05/2023,4.2559,0.75
30/05/2023,4.2242,0.02
29/05/2023,4.2234,0.19
26/05/2023,4.2156,0.39
25/05/2023,4.1994,1.01
24/05/2023,4.1573,-0.15
23/05/2023,4.1634,-0.59
22/05/2023,4.1881,-0.41
19/05/2023,4.2053,0.3
18/05/2023,4.1929,1.02
17/05/2023,4.1504,0.67
16/05/2023,4.1228,-0.63
15/05/2023,4.149,-0.36
12/05/2023,4.1638,0.54
11/05/2023,4.1414,-0.28
10/05/2023,4.1532,-0.19
09/05/2023,4.1609,0.54
08/05/2023,4.1384,-0.55
05/05/2023,4.1612,0.16
04/05/2023,4.1547,-0.66
02/05/2023,4.1823,0.17
28/04/2023,4.1753,0.51
27/04/2023,4.1541,-0.04
26/04/2023,4.1557,-0.22
25/04/2023,4.1649,-0.61
24/04/2023,4.1905,-0.24
21/04/2023,4.2006,-0.04
20/04/2023,4.2024,-0.52
19/04/2023,4.2244,0.22
18/04/2023,4.2151,-0.26
17/04/2023,4.2261,0.52
14/04/2023,4.2042,-0.43
13/04/2023,4.2225,-1.14
12/04/2023,4.2713,-0.48
11/04/2023,4.2917,-0.03
07/04/2023,4.2932,-0.23
06/04/2023,4.3033,0.69
05/04/2023,4.2739,-0.27
04/04/2023,4.2855,-0.73
03/04/2023,4.3168,0.55
31/03/2023,4.2934,-0.25
30/03/2023,4.3043,-0.47
29/03/2023,4.3247,-0.12
28/03/2023,4.33,-0.5
27/03/2023,4.3518,-0.51
24/03/2023,4.3742,1.7
23/03/2023,4.3011,-1.05
22/03/2023,4.3467,-0.57
21/03/2023,4.3715,-0.94
20/03/2023,4.413,-0.16
17/03/2023,4.4202,-0.1
16/03/2023,4.4248,0.5
15/03/2023,4.403,0.54
14/03/2023,4.3793,-0.26
13/03/2023,4.3906,-0.81
10/03/2023,4.4266,-0.2
09/03/2023,4.4356,-0.61
08/03/2023,4.4626,1.47
07/03/2023,4.3981,-0.7
06/03/2023,4.4289,-0.12
03/03/2023,4.4341,0.77
02/03/2023,4.4002,-0.21
01/03/2023,4.4094,-0.86
28/02/2023,4.4475,-0.5
27/02/2023,4.4697,0.15
24/02/2023,4.463,-0.54
23/02/2023,4.4873,0.42
22/02/2023,4.4687,0.37
21/02/2023,4.4524,0.02
20/02/2023,4.4515,-0.83
17/02/2023,4.4888,0.64
16/02/2023,4.4601,0.52
15/02/2023,4.4372,-0.2
14/02/2023,4.4463,-0.88
13/02/2023,4.4856,0.65
10/02/2023,4.4565,1.28
09/02/2023,4.4003,-0.16
08/02/2023,4.4074,-0.57
07/02/2023,4.4325,1.12
06/02/2023,4.3833,2.11
03/02/2023,4.2928,0.29
02/02/2023,4.2803,-1.04
01/02/2023,4.3254,-0.52
31/01/2023,4.348,0.51
30/01/2023,4.3258,0.01
27/01/2023,4.3252,-0.24
26/01/2023,4.3354,0.21
25/01/2023,4.3265,-0.18
24/01/2023,4.3341,0.23
23/01/2023,4.3242,-0.64
20/01/2023,4.352,0.12
19/01/2023,4.3469,0.34
18/01/2023,4.3322,-0.18
17/01/2023,4.3398,-0.09
16/01/2023,4.3436,0.38
13/01/2023,4.3272,-0.65
12/01/2023,4.3556,-0.19
11/01/2023,4.3639,-0.19
10/01/2023,4.372,-0.66
09/01/2023,4.401,0.09
05/01/2023,4.397,-0.06
04/01/2023,4.3998,-0.85
03/01/2023,4.4373,1.28
02/01/2023,4.3811,-0.47
30/12/2022,4.4018,-0.14
29/12/2022,4.4078,-0.11
28/12/2022,4.4127,1.04
27/12/2022,4.3671,-0.07
23/12/2022,4.37,-0.06
22/12/2022,4.3726,-0.5
21/12/2022,4.3947,-0.12
20/12/2022,4.4001,-0.34
19/12/2022,4.4153,-0.17
16/12/2022,4.4227,0.29
15/12/2022,4.41,0.29
14/12/2022,4.3973,-1.24
13/12/2022,4.4527,0.23
12/12/2022,4.4424,0.16
09/12/2022,4.4351,-0.91
08/12/2022,4.476,-0.17
07/12/2022,4.4834,0.1
06/12/2022,4.4787,0.84
05/12/2022,4.4415,-0.17
02/12/2022,4.4492,-0.93
01/12/2022,4.4911,-0.34
30/11/2022,4.5066,-0.22
29/11/2022,4.5164,0.75
28/11/2022,4.4827,-0.63
25/11/2022,4.5111,0.02
24/11/2022,4.5101,-0.83
23/11/2022,4.548,-0.79
22/11/2022,4.5844,-0.32
21/11/2022,4.5991,1.44
18/11/2022,4.5337,-0.11
17/11/2022,4.5387,0.75
16/11/2022,4.505,-0.21
15/11/2022,4.5143,-0.53
14/11/2022,4.5383,-4.11
10/11/2022,4.7328,1.09
09/11/2022,4.6817,-0.16
08/11/2022,4.6893,-0.07
07/11/2022,4.6926,-2.19
04/11/2022,4.7975,-0.65
03/11/2022,4.8291,1.7
02/11/2022,4.7485,0.31
31/10/2022,4.734,-0.29
28/10/2022,4.7477,0.55
27/10/2022,4.7216,-0.68
26/10/2022,4.7538,-1.98
25/10/2022,4.8499,-0.35
24/10/2022,4.8669,-0.68
21/10/2022,4.9,-0.05
20/10/2022,4.9024,0.27
19/10/2022,4.8892,-0.08
18/10/2022,4.8929,-1.2
17/10/2022,4.9522,-0.09
14/10/2022,4.9569,-0.67
13/10/2022,4.9905,-0.22
12/10/2022,5.0014,-0.31
11/10/2022,5.0171,-0.14
10/10/2022,5.0239,1.31
07/10/2022,4.9588,1.22
06/10/2022,4.8989,1.26
05/10/2022,4.838,-0.48
04/10/2022,4.8615,-1.2
03/10/2022,4.9207,-0.66
30/09/2022,4.9533,-1.58
29/09/2022,5.0328,-0.11
28/09/2022,5.0381,1.83
27/09/2022,4.9476,0.74
26/09/2022,4.9113,0.65
23/09/2022,4.8796,0.94
22/09/2022,4.8343,0.88
21/09/2022,4.7919,1.7
20/09/2022,4.7118,-0.29
19/09/2022,4.7255,-0.27
16/09/2022,4.7384,0.39
15/09/2022,4.7202,-0.07
14/09/2022,4.7233,1.88
13/09/2022,4.6363,0.3
12/09/2022,4.6225,-0.8
09/09/2022,4.6599,-1.42
08/09/2022,4.7268,-0.66
07/09/2022,4.7584,0.46
06/09/2022,4.7367,-0.68
05/09/2022,4.769,0.88
02/09/2022,4.7276,0.68
01/09/2022,4.6959,-0.85
31/08/2022,4.736,0.32
30/08/2022,4.721,-1.28
29/08/2022,4.7821,0.75
26/08/2022,4.7465,-0.17
25/08/2022,4.7546,-1.01
24/08/2022,4.8029,0
23/08/2022,4.803,1.27
22/08/2022,4.7427,0.78
19/08/2022,4.7061,1.28
18/08/2022,4.6468,0.76
17/08/2022,4.6119,-0.35
16/08/2022,4.6282,1.81
12/08/2022,4.5459,0.56
11/08/2022,4.5206,-1.96
10/08/2022,4.6112,0.42
09/08/2022,4.5919,-0.45
08/08/2022,4.6127,0.22
05/08/2022,4.6024,-0.68
04/08/2022,4.634,0.38
03/08/2022,4.6164,0.39
02/08/2022,4.5984,-0.66
01/08/2022,4.629,-0.16
29/07/2022,4.6365,-1.25
28/07/2022,4.6952,-0.4
27/07/2022,4.7142,1.99
26/07/2022,4.6222,0.11
25/07/2022,4.6171,-1.6
22/07/2022,4.692,0.51
21/07/2022,4.6682,0.34
20/07/2022,4.6524,-0.15
19/07/2022,4.6594,-1.18
18/07/2022,4.7152,-1.7
15/07/2022,4.7966,-0.64
14/07/2022,4.8274,0.11
13/07/2022,4.8221,-0.13
12/07/2022,4.8284,1.83
11/07/2022,4.7416,0
08/07/2022,4.7417,0.83
07/07/2022,4.7029,0.5
06/07/2022,4.6796,1.85
05/07/2022,4.5947,2.03
04/07/2022,4.5032,-0.16
01/07/2022,4.5106,0.63
30/06/2022,4.4825,0.66
29/06/2022,4.4533,0.35
28/06/2022,4.4377,0.02
27/06/2022,4.4369,-0.64
24/06/2022,4.4656,-0.5
23/06/2022,4.4881,1.22
22/06/2022,4.4338,0.96
21/06/2022,4.3917,-1.09
20/06/2022,4.44,-0.52
17/06/2022,4.463,0.39
15/06/2022,4.4455,-0.05
14/06/2022,4.4478,0.61
13/06/2022,4.4209,1.95
10/06/2022,4.3363,1.4
09/06/2022,4.2764,-0.33
08/06/2022,4.2904,-0.07
07/06/2022,4.2935,0.61
06/06/2022,4.2675,-0.03
03/06/2022,4.2689,-0.56
02/06/2022,4.2931,0.27
01/06/2022,4.2817,0.39
31/05/2022,4.2651,0.08
30/05/2022,4.2617,-0.81
27/05/2022,4.2966,-0.52
26/05/2022,4.3189,0.28
25/05/2022,4.3069,0
24/05/2022,4.3071,-0.69
23/05/2022,4.3369,-1.06
20/05/2022,4.3832,-0.9
19/05/2022,4.4231,-0.11
18/05/2022,4.4279,-0.23
17/05/2022,4.4379,-0.91
16/05/2022,4.4785,-0.14
13/05/2022,4.4849,-0.03
12/05/2022,4.4863,1.52
11/05/2022,4.419,-0.07
10/05/2022,4.4223,-1.25
09/05/2022,4.4784,0.63
06/05/2022,4.4502,1.1
05/05/2022,4.4017,-0.99
04/05/2022,4.4456,0
02/05/2022,4.4454,0.87
29/04/2022,4.4072,-1.21
28/04/2022,4.4613,0.36
27/04/2022,4.4453,2.26
26/04/2022,4.3469,0.65
25/04/2022,4.3188,0.59
22/04/2022,4.2935,0.8
21/04/2022,4.2596,-0.26
20/04/2022,4.2708,-0.42
19/04/2022,4.2887,0.05
15/04/2022,4.2865,0.67
14/04/2022,4.2581,-0.68
13/04/2022,4.2872,-0.13
12/04/2022,4.2926,0.8
11/04/2022,4.2586,-0.27
08/04/2022,4.2703,-0.06
07/04/2022,4.2727,0.28
06/04/2022,4.2606,0.88
05/04/2022,4.2233,0.38
04/04/2022,4.2073,0.23
01/04/2022,4.1978,0.42
31/03/2022,4.1801,0.27
30/03/2022,4.1688,-2.86
29/03/2022,4.2917,0.31
28/03/2022,4.2784,-0.79
25/03/2022,4.3125,-0.43
24/03/2022,4.331,1.26
23/03/2022,4.2772,0.12
22/03/2022,4.272,0.65
21/03/2022,4.2444,-0.62
18/03/2022,4.2707,0.72
17/03/2022,4.2403,-0.99
16/03/2022,4.2828,-0.38
15/03/2022,4.2992,-0.53
14/03/2022,4.3221,-1.08
11/03/2022,4.3694,0.49
10/03/2022,4.3482,-1.51
09/03/2022,4.4147,-2.15
08/03/2022,4.5115,-1.33
07/03/2022,4.5722,4.13
04/03/2022,4.391,1.51
03/03/2022,4.3257,-0.1
02/03/2022,4.3302,2.63
01/03/2022,4.2193,0.54
28/02/2022,4.1965,0.68
25/02/2022,4.1683,0.97
24/02/2022,4.1281,3.37
23/02/2022,3.9937,-0.46
22/02/2022,4.012,0.88
21/02/2022,3.9769,-0.07
18/02/2022,3.9798,0.28
17/02/2022,3.9687,0.53
16/02/2022,3.9478,-0.66
15/02/2022,3.974,-1.73
14/02/2022,4.0439,1.95
11/02/2022,3.9665,1.14
10/02/2022,3.9218,-0.79
09/02/2022,3.953,-0.41
08/02/2022,3.9693,-0.45
07/02/2022,3.9872,0.54
04/02/2022,3.9657,-1.51
03/02/2022,4.0267,-0.04
02/02/2022,4.0283,-1
01/02/2022,4.0689,-1.11
31/01/2022,4.1147,0.24
28/01/2022,4.1048,0.53
27/01/2022,4.083,0.36
26/01/2022,4.0684,0.22
25/01/2022,4.0593,1.36
24/01/2022,4.0049,0.24
21/01/2022,3.9953,0.3
20/01/2022,3.9833,-0.24
19/01/2022,3.993,0.49
18/01/2022,3.9734,0.42
17/01/2022,3.9567,-0.08
14/01/2022,3.9597,0.34
13/01/2022,3.9463,-1.04
12/01/2022,3.9879,-0.57
11/01/2022,4.0106,0.1
10/01/2022,4.0064,-0.53
07/01/2022,4.0279,-0.29
05/01/2022,4.0396,-0.18
04/01/2022,4.0468,0.11
03/01/2022,4.0424,-0.43
31/12/2021,4.06,-0.08
30/12/2021,4.0631,-0.36
29/12/2021,4.0779,0.39
28/12/2021,4.062,-0.66
27/12/2021,4.0889,0.25
24/12/2021,4.0785,-0.4
23/12/2021,4.095,-0.08
22/12/2021,4.0984,0.11
21/12/2021,4.0937,-0.59
20/12/2021,4.1182,0.73
17/12/2021,4.0882,-0.14
16/12/2021,4.0938,-0.15
15/12/2021,4.0999,-0.22
14/12/2021,4.1088,0.21
13/12/2021,4.1003,0.28
10/12/2021,4.0887,0.12
09/12/2021,4.0837,0.31
08/12/2021,4.071,-0.19
07/12/2021,4.0788,0.42
06/12/2021,4.0619,-0.08
03/12/2021,4.0653,0.07
02/12/2021,4.0625,-1.04
01/12/2021,4.1051,-0.4
30/11/2021,4.1214,-0.99
29/11/2021,4.1627,-0.3
26/11/2021,4.1754,0.37
25/11/2021,4.16,-0.39
24/11/2021,4.1764,-0.31
23/11/2021,4.1893,0.09
22/11/2021,4.1855,0.96
19/11/2021,4.1457,0.83
18/11/2021,4.1114,-0.22
17/11/2021,4.1204,0.35
16/11/2021,4.1061,1.39
15/11/2021,4.0497,-0.15
12/11/2021,4.0559,2.07
10/11/2021,3.9737,0.29
09/11/2021,3.9622,-0.31
08/11/2021,3.9747,-0.41
05/11/2021,3.9911,0.26
04/11/2021,3.9807,0.32
03/11/2021,3.9681,-0.23
02/11/2021,3.9772,0.27
29/10/2021,3.9664,-0.69
28/10/2021,3.9938,0.31
27/10/2021,3.9815,0.19
26/10/2021,3.974,0.6
25/10/2021,3.9502,-0.19
22/10/2021,3.9576,0.32
21/10/2021,3.9449,0.05
20/10/2021,3.9428,0.55
19/10/2021,3.9212,-0.66
18/10/2021,3.9471,0.15
15/10/2021,3.9413,0.03
14/10/2021,3.9403,-0.59
13/10/2021,3.9638,-0.07
12/10/2021,3.9664,-0.5
11/10/2021,3.9862,0.22
08/10/2021,3.9775,1.12
07/10/2021,3.9334,-1.65
06/10/2021,3.9992,0.77
05/10/2021,3.9688,0.81
04/10/2021,3.9368,-0.78
01/10/2021,3.9678,-0.62
30/09/2021,3.9925,0.61
29/09/2021,3.9684,0.35
28/09/2021,3.9546,0.69
27/09/2021,3.9276,0.02
24/09/2021,3.9268,0.03
23/09/2021,3.9256,-0.52
22/09/2021,3.946,0.31
21/09/2021,3.9337,0.14
20/09/2021,3.9282,1.03
17/09/2021,3.8882,0.09
16/09/2021,3.8847,0.97
15/09/2021,3.8475,-0.17
14/09/2021,3.8542,0.12
13/09/2021,3.8495,0.24
10/09/2021,3.8402,0.29
09/09/2021,3.8292,0.21
08/09/2021,3.8213,0.45
07/09/2021,3.8041,0
06/09/2021,3.8041,0.11
03/09/2021,3.7998,-0.12
02/09/2021,3.8044,-0.51
01/09/2021,3.8238,-0.39
31/08/2021,3.8386,-0.87
30/08/2021,3.8724,-0.65
27/08/2021,3.8978,0.17
26/08/2021,3.8912,0.11
25/08/2021,3.8869,-0.56
24/08/2021,3.9086,-0.05
23/08/2021,3.9107,-0.49
20/08/2021,3.9301,0.19
19/08/2021,3.9226,0.94
18/08/2021,3.8861,0.16
17/08/2021,3.8797,0.17
16/08/2021,3.873,-0.52
13/08/2021,3.8934,-0.36
12/08/2021,3.9074,-0.19
11/08/2021,3.9148,0.54
10/08/2021,3.8937,0.13
09/08/2021,3.8885,0.95
06/08/2021,3.8519,0.09
05/08/2021,3.8485,0.31
04/08/2021,3.8366,0.13
03/08/2021,3.8315,-0.16
02/08/2021,3.8377,-0.09
30/07/2021,3.841,-0.54
29/07/2021,3.8617,-0.6
28/07/2021,3.8849,-0.43
27/07/2021,3.9017,0.26
26/07/2021,3.8915,0.16
23/07/2021,3.8851,0.13
22/07/2021,3.8801,-0.6
21/07/2021,3.9035,0.06
20/07/2021,3.9012,0.11
19/07/2021,3.8968,0.41
16/07/2021,3.8808,0.46
15/07/2021,3.8629,-0.84
14/07/2021,3.8955,1.1
13/07/2021,3.8533,0.4
12/07/2021,3.8378,-0.13
09/07/2021,3.8427,0.05
08/07/2021,3.8408,0.48
07/07/2021,3.8225,0.54
06/07/2021,3.8021,0.11
05/07/2021,3.7979,-0.74
02/07/2021,3.8263,0.3
01/07/2021,3.8149,0.3
30/06/2021,3.8035,0.32
29/06/2021,3.7914,0.4
28/06/2021,3.7762,0.03
25/06/2021,3.7749,-0.62
24/06/2021,3.7986,0.29
23/06/2021,3.7878,-0.67
22/06/2021,3.8132,-0.21
21/06/2021,3.8214,0.04
18/06/2021,3.8198,0.7
17/06/2021,3.7931,1.59
16/06/2021,3.7336,-0.03
15/06/2021,3.7349,0.44
14/06/2021,3.7185,1.16
11/06/2021,3.6759,-0.17
10/06/2021,3.6821,0.76
09/06/2021,3.6545,-0.4
08/06/2021,3.669,0.09
07/06/2021,3.6656,-0.74
04/06/2021,3.6931,0.74
02/06/2021,3.6659,0.19
01/06/2021,3.659,-0.36
31/05/2021,3.6724,-0.11
28/05/2021,3.6766,-0.44
27/05/2021,3.6929,0.65
26/05/2021,3.6691,0.39
25/05/2021,3.6549,-0.67
24/05/2021,3.6795,0.05
21/05/2021,3.6778,-0.81
20/05/2021,3.7077,-0.03
19/05/2021,3.7087,0.1
18/05/2021,3.705,-0.64
17/05/2021,3.7288,-0.23
14/05/2021,3.7374,-0.8
13/05/2021,3.7675,0.58
12/05/2021,3.7456,-0.15
11/05/2021,3.7514,0.06
10/05/2021,3.7493,-0.97
07/05/2021,3.7861,-0.54
06/05/2021,3.8066,-0.18
05/05/2021,3.8136,0.52
04/05/2021,3.794,0.51
30/04/2021,3.7746,-0.11
29/04/2021,3.7786,-0.4
28/04/2021,3.7939,0.3
27/04/2021,3.7826,0.45
26/04/2021,3.7657,-0.52
23/04/2021,3.7855,-0.08
22/04/2021,3.7885,-0.17
21/04/2021,3.795,0.56
20/04/2021,3.7737,-0.21
19/04/2021,3.7816,-0.43
16/04/2021,3.7978,-0.09
15/04/2021,3.8014,-0.13
14/04/2021,3.8065,-0.72
13/04/2021,3.8342,0.52
12/04/2021,3.8144,-0.17
09/04/2021,3.8208,-0.41
08/04/2021,3.8365,-0.64
07/04/2021,3.8611,-0.93
06/04/2021,3.8973,-0.03
02/04/2021,3.8986,-1.12
01/04/2021,3.9428,-0.63
31/03/2021,3.9676,0.18
30/03/2021,3.9604,0.09
29/03/2021,3.957,0.67
26/03/2021,3.9307,0.14
25/03/2021,3.9253,0.4
24/03/2021,3.9098,0.91
23/03/2021,3.8746,-0.06
22/03/2021,3.8768,-0.25
19/03/2021,3.8865,0.41
18/03/2021,3.8705,0.07
17/03/2021,3.8676,0.41
16/03/2021,3.8519,0.23
15/03/2021,3.8429,-0.24
12/03/2021,3.8521,0.61
11/03/2021,3.8287,-0.35
10/03/2021,3.842,-0.23
09/03/2021,3.8507,-0.41
08/03/2021,3.8665,0.71
05/03/2021,3.8393,1.43
04/03/2021,3.7851,0.91
03/03/2021,3.7509,-0.68
02/03/2021,3.7765,0.51
01/03/2021,3.7572,0.87
26/02/2021,3.7247,0.82
25/02/2021,3.6943,-0.54
24/02/2021,3.7145,0.08
23/02/2021,3.7117,-0.05
22/02/2021,3.7135,0.37
19/02/2021,3.6997,-0.42
18/02/2021,3.7152,-0.36
17/02/2021,3.7287,0.94
16/02/2021,3.694,-0.02
15/02/2021,3.6949,-0.64
12/02/2021,3.7186,0.19
11/02/2021,3.7117,0.39
10/02/2021,3.6973,0
09/02/2021,3.6972,-0.88
08/02/2021,3.7301,-0.67
05/02/2021,3.7554,0.12
04/02/2021,3.7509,0.42
03/02/2021,3.7352,0.11
02/02/2021,3.7311,-0.03
01/02/2021,3.7323,-0.37
29/01/2021,3.746,-0.28
28/01/2021,3.7566,0.16
27/01/2021,3.7507,-0.01
26/01/2021,3.7512,0.29
25/01/2021,3.7402,0.39
22/01/2021,3.7255,-0.15
21/01/2021,3.7312,0.02
20/01/2021,3.7303,-0.3
19/01/2021,3.7416,-0.75
18/01/2021,3.7699,0.62
15/01/2021,3.7466,0.38
14/01/2021,3.7323,0.49
13/01/2021,3.7142,-0.12
12/01/2021,3.7188,-0.22
11/01/2021,3.7271,0.95
08/01/2021,3.6919,0.72
07/01/2021,3.6656,-1.01
05/01/2021,3.7031,0.09
04/01/2021,3.6998,-1.56
31/12/2020,3.7584,1.85
30/12/2020,3.6901,0.33
29/12/2020,3.6778,0.38
28/12/2020,3.6639,-0.92
24/12/2020,3.6981,0.17
23/12/2020,3.6919,-0.01
22/12/2020,3.6921,-0.43
21/12/2020,3.7082,2.09
18/12/2020,3.6322,0.19
17/12/2020,3.6254,-0.22
16/12/2020,3.6334,-0.6
15/12/2020,3.6554,0.02
14/12/2020,3.6548,-0.22
11/12/2020,3.663,0.15
10/12/2020,3.6574,-0.23
09/12/2020,3.6657,-0.7
08/12/2020,3.6914,-0.24
07/12/2020,3.7001,0.64
04/12/2020,3.6765,-0.58
03/12/2020,3.6981,-0.15
02/12/2020,3.7038,-0.88
01/12/2020,3.7367,0.01
30/11/2020,3.7364,-0.66
27/11/2020,3.7614,0.07
26/11/2020,3.7586,0.08
25/11/2020,3.7556,-0.18
24/11/2020,3.7625,0.02
23/11/2020,3.7616,-0.16
20/11/2020,3.7677,-0.51
19/11/2020,3.7872,0.67
18/11/2020,3.7621,-0.68
17/11/2020,3.7877,0.25
16/11/2020,3.7782,-0.61
13/11/2020,3.8015,0.05
12/11/2020,3.7995,-0.45
10/11/2020,3.8168,1.01
09/11/2020,3.7787,-1.07
06/11/2020,3.8194,-0.41
05/11/2020,3.8353,-1.65
04/11/2020,3.8996,-0.19
03/11/2020,3.9069,-1.23
02/11/2020,3.9557,-0.02
30/10/2020,3.9563,0.15
29/10/2020,3.9505,0.49
28/10/2020,3.9313,1.17
27/10/2020,3.886,0.26
26/10/2020,3.8759,0.24
23/10/2020,3.8665,-0.18
22/10/2020,3.8734,0.07
21/10/2020,3.8706,-0.57
20/10/2020,3.8926,0.43
19/10/2020,3.8761,-0.55
16/10/2020,3.8976,0.19
15/10/2020,3.8904,1.57
14/10/2020,3.8301,0.97
13/10/2020,3.7932,0.01
12/10/2020,3.7927,0.04
09/10/2020,3.7913,-0.69
08/10/2020,3.8175,0.13
07/10/2020,3.8126,-0.14
06/10/2020,3.818,-0.19
05/10/2020,3.8252,-0.3
02/10/2020,3.8366,-0.38
01/10/2020,3.8513,-0.38
30/09/2020,3.8658,-1.45
29/09/2020,3.9228,0.37
28/09/2020,3.9083,0.17
25/09/2020,3.9016,0.47
24/09/2020,3.8833,1.13
23/09/2020,3.8399,0.1
22/09/2020,3.8359,1.04
21/09/2020,3.7963,1.01
18/09/2020,3.7585,-0.34
17/09/2020,3.7713,0.5
16/09/2020,3.7526,0.22
15/09/2020,3.7445,-0.21
14/09/2020,3.7522,-0.03
11/09/2020,3.7534,-0.2
10/09/2020,3.761,-0.69
09/09/2020,3.7871,0.58
08/09/2020,3.7652,-0.04
07/09/2020,3.7666,0.35
04/09/2020,3.7533,0.52
03/09/2020,3.7337,0.39
02/09/2020,3.7191,1.32
01/09/2020,3.6707,-0.59
31/08/2020,3.6924,-0.16
28/08/2020,3.6983,-0.81
27/08/2020,3.7286,0.05
26/08/2020,3.7269,0.34
25/08/2020,3.7144,-0.35
24/08/2020,3.7273,0.29
21/08/2020,3.7164,0
20/08/2020,3.7164,1.18
19/08/2020,3.6732,-0.44
18/08/2020,3.6895,-0.49
17/08/2020,3.7076,-0.41
14/08/2020,3.7227,0.14
13/08/2020,3.7176,-1.02
12/08/2020,3.7558,0.45
11/08/2020,3.739,-0.01
10/08/2020,3.7393,0.24
07/08/2020,3.7302,0.17
06/08/2020,3.724,0.26
05/08/2020,3.7143,-0.59
04/08/2020,3.7364,-0.36
03/08/2020,3.7499,0.9
31/07/2020,3.7166,-1.02
30/07/2020,3.7549,-0.16
29/07/2020,3.761,0.21
28/07/2020,3.7532,-0.29
27/07/2020,3.7643,-1.02
24/07/2020,3.8029,-0.08
23/07/2020,3.806,-1.23
22/07/2020,3.8534,-0.72
21/07/2020,3.8812,-0.47
20/07/2020,3.8997,-0.68
17/07/2020,3.9263,-0.4
16/07/2020,3.9422,0.78
15/07/2020,3.9117,-1.14
14/07/2020,3.957,0.02
13/07/2020,3.9564,-0.21
10/07/2020,3.9646,0.41
09/07/2020,3.9486,-0.45
08/07/2020,3.9666,-0.06
07/07/2020,3.9689,0.26
06/07/2020,3.9588,-0.44
03/07/2020,3.9764,0.6
02/07/2020,3.9528,-0.16
01/07/2020,3.9591,-0.54
30/06/2020,3.9806,0.38
29/06/2020,3.9656,-0.1
26/06/2020,3.9697,0.19
25/06/2020,3.9623,0.58
24/06/2020,3.9395,0.21
23/06/2020,3.9311,-0.9
22/06/2020,3.9667,-0.19
19/06/2020,3.9741,0.38
18/06/2020,3.9589,0.14
17/06/2020,3.9532,1.21
16/06/2020,3.9058,-0.9
15/06/2020,3.9413,0.29
12/06/2020,3.9299,0.3
10/06/2020,3.918,-0.69
09/06/2020,3.9453,0.65
08/06/2020,3.9197,-0.05
05/06/2020,3.9217,-0.9
04/06/2020,3.9573,1.16
03/06/2020,3.9121,-0.46
02/06/2020,3.9303,-0.95
01/06/2020,3.968,-0.88
29/05/2020,4.0031,-0.53
28/05/2020,4.0244,-0.64
27/05/2020,4.0504,-0.93
26/05/2020,4.0885,-1.31
25/05/2020,4.1428,-0.18
22/05/2020,4.1503,0.38
21/05/2020,4.1346,-0.66
20/05/2020,4.1619,-0.06
19/05/2020,4.1645,-1.37
18/05/2020,4.2224,0.21
15/05/2020,4.2135,-0.32
14/05/2020,4.2269,0.38
13/05/2020,4.2111,0.04
12/05/2020,4.2095,-0.07
11/05/2020,4.2126,0.15
08/05/2020,4.2065,-0.23
07/05/2020,4.2162,0.33
06/05/2020,4.2022,0.23
05/05/2020,4.1927,0.67
04/05/2020,4.1646,-0.2
30/04/2020,4.1729,-0.19
29/04/2020,4.1807,-0.08
28/04/2020,4.184,0.35
27/04/2020,4.1696,-1.06
24/04/2020,4.2142,0.12
23/04/2020,4.2093,0.86
22/04/2020,4.1736,-0.1
21/04/2020,4.1779,0.61
20/04/2020,4.1525,-0.86
17/04/2020,4.1886,0.61
16/04/2020,4.1631,0.27
15/04/2020,4.1519,-0.35
14/04/2020,4.1666,0.24
10/04/2020,4.1566,-0.43
09/04/2020,4.1744,-0.14
08/04/2020,4.1801,0.2
07/04/2020,4.1717,-1.28
06/04/2020,4.2257,-0.33
03/04/2020,4.2396,1.14
02/04/2020,4.1917,0.52
01/04/2020,4.1701,0.57
31/03/2020,4.1466,1.3
30/03/2020,4.0933,-0.47
27/03/2020,4.1127,-2.05
26/03/2020,4.1988,-0.55
25/03/2020,4.222,-0.47
24/03/2020,4.2421,-0.55
23/03/2020,4.2654,0.6
20/03/2020,4.24,-0.05
19/03/2020,4.2421,4.1
18/03/2020,4.0749,0.71
17/03/2020,4.046,3.13
16/03/2020,3.9231,0.42
13/03/2020,3.9067,1.1
12/03/2020,3.8642,1.19
11/03/2020,3.8186,0.34
10/03/2020,3.8058,0.42
09/03/2020,3.7899,-0.87
06/03/2020,3.8231,-0.64
05/03/2020,3.8479,-0.15
04/03/2020,3.8536,-0.69
03/03/2020,3.8804,-0.56
02/03/2020,3.9023,-0.59
28/02/2020,3.9255,-0.4
27/02/2020,3.9413,-0.4
26/02/2020,3.9573,-0.13
25/02/2020,3.9624,-0.37
24/02/2020,3.9772,0.38
21/02/2020,3.9623,0.01
20/02/2020,3.9621,0.16
19/02/2020,3.9556,0.27
18/02/2020,3.9448,0.66
17/02/2020,3.9189,0.23
14/02/2020,3.9098,-0.02
13/02/2020,3.9104,0.24
12/02/2020,3.901,-0.08
11/02/2020,3.9041,0.12
10/02/2020,3.8996,0.13
07/02/2020,3.8947,0.71
06/02/2020,3.8672,0.05
05/02/2020,3.8654,-0.31
04/02/2020,3.8773,-0.23
03/02/2020,3.8864,-0.35
31/01/2020,3.8999,0.37
30/01/2020,3.8856,-0.04
29/01/2020,3.8871,0.07
28/01/2020,3.8844,0.31
27/01/2020,3.8725,0.65
24/01/2020,3.8475,0.44
23/01/2020,3.8308,0.28
22/01/2020,3.8202,-0.21
21/01/2020,3.8284,0.02
20/01/2020,3.8277,0.59
17/01/2020,3.8053,0.22
16/01/2020,3.7968,-0.06
15/01/2020,3.7992,-0.07
14/01/2020,3.8019,-0.22
13/01/2020,3.8101,-0.45
10/01/2020,3.8272,0.05
09/01/2020,3.8251,0.34
08/01/2020,3.8123,0.69
07/01/2020,3.7861,-0.92
03/01/2020,3.8213,0.56
02/01/2020,3.8,0.06
31/12/2019,3.7977,-0.13
30/12/2019,3.8027,-0.62
27/12/2019,3.8266,-0.57
24/12/2019,3.8487,0.24
23/12/2019,3.8394,0.22
20/12/2019,3.8311,0.08
19/12/2019,3.8281,-0.05
18/12/2019,3.8302,0.24
17/12/2019,3.8211,-0.26
16/12/2019,3.8311,0.2
13/12/2019,3.8234,-0.7
12/12/2019,3.8505,-0.4
11/12/2019,3.866,-0.13
10/12/2019,3.8711,0.02
09/12/2019,3.8704,0.53
06/12/2019,3.85,-0.17
05/12/2019,3.8566,-0.21
04/12/2019,3.8647,-0.15
03/12/2019,3.8706,-0.87
02/12/2019,3.9047,-0.61
29/11/2019,3.9288,0.09
28/11/2019,3.9252,0.25
27/11/2019,3.9154,0.29
26/11/2019,3.9039,0.01
25/11/2019,3.9036,0.47
22/11/2019,3.8853,0.3
21/11/2019,3.8737,-0.14
20/11/2019,3.8792,0.02
19/11/2019,3.8786,0.05
18/11/2019,3.8767,-0.21
15/11/2019,3.8848,-0.42
14/11/2019,3.9011,0.28
13/11/2019,3.8902,0.31
12/11/2019,3.878,0.4
08/11/2019,3.8625,0.32
07/11/2019,3.8502,0.01
06/11/2019,3.8497,0.49
05/11/2019,3.8308,0.55
04/11/2019,3.8099,-0.2
31/10/2019,3.8174,-0.56
30/10/2019,3.8388,-0.54
29/10/2019,3.8598,0.18
28/10/2019,3.8529,0.2
25/10/2019,3.8452,0.01
24/10/2019,3.8448,-0.06
23/10/2019,3.8473,0.17
22/10/2019,3.8408,0.26
21/10/2019,3.8307,-0.51
18/10/2019,3.8503,-0.35
17/10/2019,3.8638,-0.76
16/10/2019,3.8934,-0.05
15/10/2019,3.8952,-0.02
14/10/2019,3.8958,-0.48
11/10/2019,3.9145,-0.21
10/10/2019,3.9226,-0.4
09/10/2019,3.9382,-0.06
08/10/2019,3.9405,-0.24
07/10/2019,3.9498,0.07
04/10/2019,3.9469,-0.46
03/10/2019,3.9652,-1.25
02/10/2019,4.0152,0.01
01/10/2019,4.0147,0.37
30/09/2019,4,-0.38
27/09/2019,4.0154,0.15
26/09/2019,4.0092,0.59
25/09/2019,3.9856,0.05
24/09/2019,3.9838,-0.36
23/09/2019,3.9983,1.69
20/09/2019,3.9319,0.13
19/09/2019,3.9267,-0.14
18/09/2019,3.9322,-0.23
17/09/2019,3.9412,0.76
16/09/2019,3.9116,-0.01
13/09/2019,3.912,-0.61
12/09/2019,3.9362,0.1
11/09/2019,3.9324,0.13
10/09/2019,3.9273,-0.09
09/09/2019,3.931,-0.01
06/09/2019,3.9315,-0.04
05/09/2019,3.933,-0.21
04/09/2019,3.9414,-1.17
03/09/2019,3.9882,0.16
02/09/2019,3.9819,0.26
30/08/2019,3.9717,0.33
29/08/2019,3.9586,0.1
28/08/2019,3.9548,0.61
27/08/2019,3.9309,-0.07
26/08/2019,3.9335,-0.09
23/08/2019,3.9371,0.09
22/08/2019,3.9337,0.32
21/08/2019,3.921,-0.5
20/08/2019,3.9408,0.53
19/08/2019,3.9199,-0.21
16/08/2019,3.9281,1.01
14/08/2019,3.889,0.45
13/08/2019,3.8714,0.01
12/08/2019,3.8711,0.25
09/08/2019,3.8613,0.19
08/08/2019,3.8538,-0.15
07/08/2019,3.8597,0.3
06/08/2019,3.8482,-0.66
05/08/2019,3.8739,-0.23
02/08/2019,3.8829,-0.08
01/08/2019,3.886,0.92
31/07/2019,3.8504,0.03
30/07/2019,3.8493,0.1
29/07/2019,3.8453,0.41
26/07/2019,3.8296,0.25
25/07/2019,3.8199,-0.08
24/07/2019,3.8229,0.61
23/07/2019,3.7997,0.34
22/07/2019,3.7869,0.04
19/07/2019,3.7855,-0.21
18/07/2019,3.7933,-0.28
17/07/2019,3.8038,0.45
16/07/2019,3.7867,0.03
15/07/2019,3.7856,-0.09
12/07/2019,3.7889,0.08
11/07/2019,3.7859,-0.54
10/07/2019,3.8066,-0.02
09/07/2019,3.8074,0.57
08/07/2019,3.7857,0.45
05/07/2019,3.7689,0.19
04/07/2019,3.7618,0.06
03/07/2019,3.7596,0.01
02/07/2019,3.7593,0.44
01/07/2019,3.743,0.25
28/06/2019,3.7336,-0.24
27/06/2019,3.7426,-0.3
26/06/2019,3.754,0.44
25/06/2019,3.7376,0.04
24/06/2019,3.736,-0.91
21/06/2019,3.7705,-1.05
19/06/2019,3.8104,0.02
18/06/2019,3.8097,0.28
17/06/2019,3.7989,0.69
14/06/2019,3.7727,-0.02
13/06/2019,3.7736,0.28
12/06/2019,3.763,-0.24
11/06/2019,3.7722,-0.06
10/06/2019,3.7745,-0.56
07/06/2019,3.7958,-0.28
06/06/2019,3.8065,0.36
05/06/2019,3.7929,-0.29
04/06/2019,3.8041,-0.66
03/06/2019,3.8292,-0.54
31/05/2019,3.8498,-0.13
30/05/2019,3.8548,-0.02
29/05/2019,3.8554,0.44
28/05/2019,3.8386,0.03
27/05/2019,3.8374,-0.16
24/05/2019,3.8436,-0.67
23/05/2019,3.8696,0.2
22/05/2019,3.862,-0.01
21/05/2019,3.8625,0.21
20/05/2019,3.8543,-0.01
17/05/2019,3.8545,0.75
16/05/2019,3.8259,-0.51
15/05/2019,3.8457,0.35
14/05/2019,3.8323,0.01
13/05/2019,3.8321,0.21
10/05/2019,3.8242,-0.44
09/05/2019,3.841,0.22
08/05/2019,3.8325,0.12
07/05/2019,3.8278,-0.09
06/05/2019,3.8313,0.36
02/05/2019,3.8177,-0.3
30/04/2019,3.8291,-0.46
29/04/2019,3.8468,-0.1
26/04/2019,3.8508,-0.08
25/04/2019,3.8537,0.81
24/04/2019,3.8229,0.29
23/04/2019,3.8118,0.18
19/04/2019,3.8051,0.13
18/04/2019,3.8002,0.59
17/04/2019,3.7778,-0.06
16/04/2019,3.7802,0.03
15/04/2019,3.7789,-0.29
12/04/2019,3.7899,-0.17
11/04/2019,3.7964,-0.16
10/04/2019,3.8023,0.05
09/04/2019,3.8003,-0.48
08/04/2019,3.8188,-0.07
05/04/2019,3.8215,0
04/04/2019,3.8215,0.06
03/04/2019,3.8192,-0.55
02/04/2019,3.8403,0.36
01/04/2019,3.8267,-0.26
29/03/2019,3.8365,0.43
28/03/2019,3.8202,0.23
27/03/2019,3.8113,0.38
26/03/2019,3.7969,0.01
25/03/2019,3.7966,0.05
22/03/2019,3.7948,0.98
21/03/2019,3.7581,-0.49
20/03/2019,3.7767,-0.15
19/03/2019,3.7823,-0.14
18/03/2019,3.7876,-0.36
15/03/2019,3.8014,-0.01
14/03/2019,3.8018,-0.15
13/03/2019,3.8077,-0.1
12/03/2019,3.8116,-0.22
11/03/2019,3.8199,-0.55
08/03/2019,3.8409,0.98
07/03/2019,3.8038,0
06/03/2019,3.8038,0.16
05/03/2019,3.7977,0.22
04/03/2019,3.7893,-0.07
01/03/2019,3.792,0.18
28/02/2019,3.7853,-0.09
27/02/2019,3.7886,-0.62
26/02/2019,3.8124,-0.31
25/02/2019,3.8241,0
22/02/2019,3.8242,-0.01
21/02/2019,3.8247,0.07
20/02/2019,3.8221,-0.23
19/02/2019,3.8311,0.07
18/02/2019,3.8286,-0.1
15/02/2019,3.8326,-0.49
14/02/2019,3.8516,0.67
13/02/2019,3.8261,-0.31
12/02/2019,3.838,0.5
11/02/2019,3.819,0.39
08/02/2019,3.804,0.32
07/02/2019,3.7919,0.56
06/02/2019,3.7706,0.44
05/02/2019,3.7542,0.36
04/02/2019,3.7408,0.44
01/02/2019,3.7243,-0.08
31/01/2019,3.7271,-0.81
30/01/2019,3.7577,0.04
29/01/2019,3.7563,-0.08
28/01/2019,3.7592,-0.79
25/01/2019,3.7893,0.13
24/01/2019,3.7844,0.26
23/01/2019,3.7747,0.05
22/01/2019,3.7727,-0.06
21/01/2019,3.7751,0.15
18/01/2019,3.7694,0.21
17/01/2019,3.7615,-0.01
16/01/2019,3.7619,0.21
15/01/2019,3.7542,0.22
14/01/2019,3.7458,0.45
11/01/2019,3.7289,-0.19
10/01/2019,3.736,-0.4
09/01/2019,3.7509,-0.13
08/01/2019,3.7559,-0.04
07/01/2019,3.7575,-0.38
04/01/2019,3.772,-0.28
03/01/2019,3.7827,0.55
02/01/2019,3.7619,0.06
31/12/2018,3.7597,0.13
28/12/2018,3.755,-0.18
27/12/2018,3.7616,0.07
24/12/2018,3.7588,0.16
21/12/2018,3.7528,0.53
20/12/2018,3.7331,-0.77
19/12/2018,3.7619,-0.13
18/12/2018,3.7668,-0.54
17/12/2018,3.7871,-0.59
14/12/2018,3.8095,0.94
13/12/2018,3.7739,-0.51
12/12/2018,3.7934,0.45
11/12/2018,3.7763,0.43
10/12/2018,3.76,-0.25
07/12/2018,3.7694,-0.4
06/12/2018,3.7844,0.03
05/12/2018,3.7832,0.84
04/12/2018,3.7516,-0.41
03/12/2018,3.7672,-0.16
30/11/2018,3.7731,0.01
29/11/2018,3.7728,-1.01
28/11/2018,3.8114,0.44
27/11/2018,3.7948,0.66
26/11/2018,3.7701,-0.21
23/11/2018,3.7779,0.04
22/11/2018,3.7764,-0.17
21/11/2018,3.7829,-0.19
20/11/2018,3.79,0.16
19/11/2018,3.784,-0.1
16/11/2018,3.7876,-0.52
15/11/2018,3.8074,-0.1
14/11/2018,3.8114,-0.4
13/11/2018,3.8268,0.28
12/11/2018,3.8163,0.86
09/11/2018,3.7838,0.64
08/11/2018,3.7599,0.54
07/11/2018,3.7398,-1.07
06/11/2018,3.7802,-0.28
05/11/2018,3.7907,0.27
02/11/2018,3.7804,-1.04
31/10/2018,3.8203,0.37
30/10/2018,3.8062,0.35
29/10/2018,3.793,0.08
26/10/2018,3.7899,0.27
25/10/2018,3.7796,0.26
24/10/2018,3.7698,0.57
23/10/2018,3.7485,0.57
22/10/2018,3.7273,-0.87
19/10/2018,3.7601,0.8
18/10/2018,3.7302,0.48
17/10/2018,3.7123,0.23
16/10/2018,3.7036,-0.15
15/10/2018,3.7091,-0.11
12/10/2018,3.713,-0.72
11/10/2018,3.7399,-0.29
10/10/2018,3.7507,-0.32
09/10/2018,3.7629,0.15
08/10/2018,3.7574,0.15
05/10/2018,3.7518,0.02
04/10/2018,3.7512,1.1
03/10/2018,3.7103,-0.6
02/10/2018,3.7326,1.25
01/10/2018,3.6867,0.31
28/09/2018,3.6754,0.54
27/09/2018,3.6557,0.35
26/09/2018,3.643,-0.22
25/09/2018,3.6511,-0.3
24/09/2018,3.662,0.6
21/09/2018,3.6402,-0.82
20/09/2018,3.6702,0.05
19/09/2018,3.6685,-0.36
18/09/2018,3.6817,-0.16
17/09/2018,3.6876,0.16
14/09/2018,3.6817,-0.84
13/09/2018,3.713,-0.18
12/09/2018,3.7198,0.3
11/09/2018,3.7087,-0.53
10/09/2018,3.7283,0.78
07/09/2018,3.6995,-0.4
06/09/2018,3.7143,-0.5
05/09/2018,3.733,0.24
04/09/2018,3.7241,0.68
03/09/2018,3.6991,0.5
31/08/2018,3.6808,0.23
30/08/2018,3.6724,-0.06
29/08/2018,3.6747,0.54
28/08/2018,3.6548,-0.74
27/08/2018,3.682,-0.52
24/08/2018,3.7014,-0.15
23/08/2018,3.7069,-0.09
22/08/2018,3.7104,-0.73
21/08/2018,3.7375,-0.85
20/08/2018,3.7695,-0.24
17/08/2018,3.7784,-0.23
16/08/2018,3.7871,0.27
14/08/2018,3.7768,-0.25
13/08/2018,3.7862,1.02
10/08/2018,3.7481,1.72
09/08/2018,3.6846,0.17
08/08/2018,3.6782,0.16
07/08/2018,3.6722,-0.54
06/08/2018,3.692,-0.02
03/08/2018,3.6926,0.39
02/08/2018,3.6783,0.49
01/08/2018,3.6603,0.33
31/07/2018,3.6481,-0.55
30/07/2018,3.6684,-0.68
27/07/2018,3.6937,0.79
26/07/2018,3.6649,-0.39
25/07/2018,3.6793,-0.61
24/07/2018,3.702,0.17
23/07/2018,3.6957,-0.57
20/07/2018,3.717,0.02
19/07/2018,3.7163,0.36
18/07/2018,3.7031,1.13
17/07/2018,3.6619,-0.57
16/07/2018,3.6828,-1.12
13/07/2018,3.7244,0.51
12/07/2018,3.7055,0.15
11/07/2018,3.7,0.07
10/07/2018,3.6973,0.33
09/07/2018,3.685,-1
06/07/2018,3.7222,-0.7
05/07/2018,3.7485,-0.73
04/07/2018,3.7759,0.1
03/07/2018,3.7723,0.05
02/07/2018,3.7703,0.7
29/06/2018,3.744,-0.7
28/06/2018,3.7705,0.95
27/06/2018,3.7351,0.54
26/06/2018,3.7151,0.17
25/06/2018,3.7087,0.3
22/06/2018,3.6977,-1.68
21/06/2018,3.7607,0.68
20/06/2018,3.7352,0.1
19/06/2018,3.7316,0.85
18/06/2018,3.7003,0.22
15/06/2018,3.6922,2.12
14/06/2018,3.6155,-0.84
13/06/2018,3.6461,0.52
12/06/2018,3.6271,0.07
11/06/2018,3.6247,-0.64
08/06/2018,3.6479,1.16
07/06/2018,3.6062,-1.12
06/06/2018,3.647,-0.27
05/06/2018,3.6569,-0.26
04/06/2018,3.6665,-0.73
01/06/2018,3.6934,-0.72
30/05/2018,3.72,-0.27
29/05/2018,3.7299,1.22
28/05/2018,3.6849,0.44
25/05/2018,3.6686,0.26
24/05/2018,3.659,-0.28
23/05/2018,3.6693,1.22
22/05/2018,3.6252,-0.99
21/05/2018,3.6615,0.63
18/05/2018,3.6385,0.28
17/05/2018,3.6283,0.12
16/05/2018,3.6241,0.86
15/05/2018,3.5931,1.05
14/05/2018,3.5558,-0.42
11/05/2018,3.5708,-0.18
10/05/2018,3.5773,-0.88
09/05/2018,3.609,0.57
08/05/2018,3.5884,0.7
07/05/2018,3.5634,-0.34
04/05/2018,3.5754,0.54
02/05/2018,3.5563,1.99
30/04/2018,3.4868,-0.39
27/04/2018,3.5003,0.51
26/04/2018,3.4827,0.81
25/04/2018,3.4548,0.43
24/04/2018,3.4401,0.72
23/04/2018,3.4156,0.81
20/04/2018,3.3881,0.56
19/04/2018,3.3693,-0.08
18/04/2018,3.3721,0.44
17/04/2018,3.3572,-0.28
16/04/2018,3.3666,-0.58
13/04/2018,3.3862,-0.18
12/04/2018,3.3924,0.19
11/04/2018,3.3859,-0.61
10/04/2018,3.4068,-0.31
09/04/2018,3.4174,-0.41
06/04/2018,3.4315,0.04
05/04/2018,3.4301,0.22
04/04/2018,3.4224,0.14
03/04/2018,3.4177,0.11
30/03/2018,3.4139,-0.18
29/03/2018,3.4201,0.72
28/03/2018,3.3956,0.1
27/03/2018,3.3921,-0.66
26/03/2018,3.4145,-0.51
23/03/2018,3.4319,0.16
22/03/2018,3.4264,-0.81
21/03/2018,3.4544,0.72
20/03/2018,3.4296,-0.13
19/03/2018,3.4341,0.37
16/03/2018,3.4214,0.28
15/03/2018,3.4117,0.18
14/03/2018,3.4055,-0.26
13/03/2018,3.4143,0.23
12/03/2018,3.4066,-0.19
09/03/2018,3.4132,0.58
08/03/2018,3.3935,0.57
07/03/2018,3.3744,-0.57
06/03/2018,3.3936,-0.17
05/03/2018,3.3995,-0.6
02/03/2018,3.42,-0.45
01/03/2018,3.4356,0.49
28/02/2018,3.4188,1.1
27/02/2018,3.3816,0.05
26/02/2018,3.3799,-0.33
23/02/2018,3.3911,-0.29
22/02/2018,3.4009,0.93
21/02/2018,3.3697,0.3
20/02/2018,3.3597,0.56
19/02/2018,3.3411,0.72
16/02/2018,3.3173,-0.26
15/02/2018,3.3259,-1.51
14/02/2018,3.3769,-0.43
13/02/2018,3.3916,-0.6
12/02/2018,3.4122,-0.41
09/02/2018,3.4263,0.42
08/02/2018,3.4119,1.31
07/02/2018,3.3677,0.53
06/02/2018,3.3498,0.37
05/02/2018,3.3375,0.14
02/02/2018,3.3329,-0.05
01/02/2018,3.3346,0.08
31/01/2018,3.3318,-0.37
30/01/2018,3.3442,0.2
29/01/2018,3.3375,0.23
26/01/2018,3.3299,-0.23
25/01/2018,3.3376,-1.11
24/01/2018,3.375,-0.98
23/01/2018,3.4084,0.14
22/01/2018,3.4036,0.12
19/01/2018,3.3994,-0.33
18/01/2018,3.4108,0
17/01/2018,3.4109,-0.24
16/01/2018,3.419,0.53
15/01/2018,3.401,-1.04
12/01/2018,3.4366,-1.67
11/01/2018,3.495,-0.14
10/01/2018,3.4999,0.02
09/01/2018,3.4992,0.74
08/01/2018,3.4735,0.72
05/01/2018,3.4488,0.05
04/01/2018,3.4472,-0.42
03/01/2018,3.4616,0.2
02/01/2018,3.4546,-0.77
29/12/2017,3.4813,-0.66
28/12/2017,3.5046,-0.59
27/12/2017,3.5253,-0.4
22/12/2017,3.5393,0.07
21/12/2017,3.5369,-0.25
20/12/2017,3.5459,-0.35
19/12/2017,3.5583,-0.44
18/12/2017,3.574,-0.13
15/12/2017,3.5786,0.2
14/12/2017,3.5716,-0.46
13/12/2017,3.588,0.48
12/12/2017,3.5708,0.21
11/12/2017,3.5633,-0.49
08/12/2017,3.5808,0.24
07/12/2017,3.5722,0.19
06/12/2017,3.5653,0.56
05/12/2017,3.5454,-0.13
04/12/2017,3.5499,0.42
01/12/2017,3.5352,-0.54
30/11/2017,3.5543,0.45
29/11/2017,3.5385,0.01
28/11/2017,3.5382,0.3
27/11/2017,3.5276,-0.59
24/11/2017,3.5486,-0.2
23/11/2017,3.5557,-0.9
22/11/2017,3.5881,-0.5
21/11/2017,3.606,0.42
20/11/2017,3.5909,-0.16
17/11/2017,3.5965,0.02
16/11/2017,3.5958,0.2
15/11/2017,3.5886,-0.66
14/11/2017,3.6126,-0.7
13/11/2017,3.6382,0.3
10/11/2017,3.6274,-0.53
09/11/2017,3.6466,-0.35
08/11/2017,3.6595,-0.16
07/11/2017,3.6652,0.18
06/11/2017,3.6585,0.49
03/11/2017,3.6408,0.12
02/11/2017,3.6366,-0.45
31/10/2017,3.6529,0.27
30/10/2017,3.643,-0.38
27/10/2017,3.6568,1.75
26/10/2017,3.5939,-0.19
25/10/2017,3.6006,0.11
20/10/2017,3.5966,0.2
19/10/2017,3.5896,-0.31
18/10/2017,3.6006,0.12
17/10/2017,3.5964,-0.11
16/10/2017,3.6004,-0.02
13/10/2017,3.601,0.03
12/10/2017,3.6,-0.6
11/10/2017,3.6219,-0.68
10/10/2017,3.6468,-0.75
09/10/2017,3.6743,-0.15
06/10/2017,3.6799,0.81
05/10/2017,3.6502,-0.26
04/10/2017,3.6597,-0.38
03/10/2017,3.6737,0.03
02/10/2017,3.6726,0.57
29/09/2017,3.6519,-0.44
28/09/2017,3.6682,0.09
27/09/2017,3.665,1.15
26/09/2017,3.6234,1.03
25/09/2017,3.5866,0.6
22/09/2017,3.5651,-0.9
21/09/2017,3.5975,1
20/09/2017,3.5619,-0.56
19/09/2017,3.5821,-0.17
18/09/2017,3.5881,0.05
15/09/2017,3.5863,-0.34
14/09/2017,3.5984,1
13/09/2017,3.5627,0.21
12/09/2017,3.5552,0.73
11/09/2017,3.5293,0.15
08/09/2017,3.5239,-0.77
07/09/2017,3.5511,-0.08
06/09/2017,3.5538,-0.29
05/09/2017,3.5642,-0.21
04/09/2017,3.5718,0.07
01/09/2017,3.5693,-0.36
31/08/2017,3.5822,0.4
30/08/2017,3.5678,0.87
29/08/2017,3.5372,-1.02
28/08/2017,3.5736,-1.04
25/08/2017,3.6112,-0.6
24/08/2017,3.6329,0.15
23/08/2017,3.6274,-0.17
22/08/2017,3.6334,-0.2
21/08/2017,3.6408,-0.14
18/08/2017,3.6459,0.55
17/08/2017,3.6258,-0.49
16/08/2017,3.6435,0.43
14/08/2017,3.6278,-0.47
11/08/2017,3.6449,0.05
10/08/2017,3.6432,0.25
09/08/2017,3.6342,0.87
08/08/2017,3.6027,0.09
07/08/2017,3.5995,0.82
04/08/2017,3.5702,-0.6
03/08/2017,3.5918,0.15
02/08/2017,3.5863,-0.36
01/08/2017,3.5991,-0.75
31/07/2017,3.6264,-0.39
28/07/2017,3.6406,0.11
27/07/2017,3.6366,-0.8
26/07/2017,3.6661,0.39
25/07/2017,3.6519,0.34
24/07/2017,3.6395,0.21
21/07/2017,3.632,-0.78
20/07/2017,3.6604,0.32
19/07/2017,3.6486,0.05
18/07/2017,3.6469,-0.81
17/07/2017,3.6767,-0.59
14/07/2017,3.6986,-0.4
13/07/2017,3.7133,0.27
12/07/2017,3.7034,-0.54
11/07/2017,3.7235,0.2
10/07/2017,3.716,0.25
07/07/2017,3.7068,-0.76
06/07/2017,3.7351,-0.32
05/07/2017,3.7471,0.26
04/07/2017,3.7372,0.47
03/07/2017,3.7196,0.36
30/06/2017,3.7062,-0.16
29/06/2017,3.7122,-0.34
28/06/2017,3.7249,-0.52
27/06/2017,3.7442,-0.56
26/06/2017,3.7653,-0.45
23/06/2017,3.7824,-0.47
22/06/2017,3.8002,-0.23
21/06/2017,3.809,0.6
20/06/2017,3.7862,0.66
19/06/2017,3.7615,-0.35
16/06/2017,3.7749,0.67
14/06/2017,3.7497,0.32
13/06/2017,3.7379,0.08
12/06/2017,3.735,-0.31
09/06/2017,3.7465,0.17
08/06/2017,3.74,0.43
07/06/2017,3.7241,-0.02
06/06/2017,3.725,0.5
05/06/2017,3.7066,-0.69
02/06/2017,3.7323,0.16
01/06/2017,3.7262,-0.25
31/05/2017,3.7354,-0.31
30/05/2017,3.7471,0.27
29/05/2017,3.7371,0.33
26/05/2017,3.7248,0.19
25/05/2017,3.7177,-0.95
24/05/2017,3.7535,0.48
23/05/2017,3.7354,-0.46
22/05/2017,3.7526,-0.55
19/05/2017,3.7735,-0.5
18/05/2017,3.7926,0.31
17/05/2017,3.7808,-0.33
16/05/2017,3.7932,-1.38
15/05/2017,3.8463,-0.96
12/05/2017,3.8837,0.24
11/05/2017,3.8744,-0.09
10/05/2017,3.8777,0.09
09/05/2017,3.8741,0.91
08/05/2017,3.8391,-0.26
05/05/2017,3.849,-0.36
04/05/2017,3.863,-0.12
02/05/2017,3.8675,-0.05
28/04/2017,3.8696,-0.21
27/04/2017,3.8776,0.05
26/04/2017,3.8757,-0.3
25/04/2017,3.8873,-0.48
24/04/2017,3.906,-1.96
21/04/2017,3.9841,0.64
20/04/2017,3.9588,0.04
19/04/2017,3.9571,-0.58
18/04/2017,3.98,-0.28
14/04/2017,3.9911,0.06
13/04/2017,3.9886,-0.35
12/04/2017,4.0026,0.04
11/04/2017,4.0009,0.13
10/04/2017,3.9956,0.51
07/04/2017,3.9755,-0.09
06/04/2017,3.9792,0.02
05/04/2017,3.9783,-0.27
04/04/2017,3.989,0.57
03/04/2017,3.9664,0.53
31/03/2017,3.9455,0.13
30/03/2017,3.9402,0.35
29/03/2017,3.9265,0.25
28/03/2017,3.9169,-0.23
27/03/2017,3.9259,-0.56
24/03/2017,3.9481,-0.52
23/03/2017,3.9687,-0.11
22/03/2017,3.9731,0.58
21/03/2017,3.9502,-0.8
20/03/2017,3.9821,-0.24
17/03/2017,3.9917,-0.95
16/03/2017,4.03,-0.85
15/03/2017,4.0646,-0.13
14/03/2017,4.0697,-0.12
13/03/2017,4.0747,-0.03
10/03/2017,4.0761,-0.25
09/03/2017,4.0864,0.11
08/03/2017,4.0818,0.04
07/03/2017,4.0803,0.34
06/03/2017,4.0663,-0.71
03/03/2017,4.0955,0.47
02/03/2017,4.0765,0.02
01/03/2017,4.0756,-0.03
28/02/2017,4.077,0.06
27/02/2017,4.0745,0.16
24/02/2017,4.0681,-0.39
23/02/2017,4.084,-0.14
22/02/2017,4.0899,-0.11
21/02/2017,4.0942,0.61
20/02/2017,4.0692,0
17/02/2017,4.0693,0.31
16/02/2017,4.0567,-0.45
15/02/2017,4.0752,0.56
14/02/2017,4.0525,0.07
13/02/2017,4.0496,0.15
10/02/2017,4.0435,0.26
09/02/2017,4.0332,-0.47
08/02/2017,4.0521,0.6
07/02/2017,4.028,0.97
06/02/2017,3.9892,-0.3
03/02/2017,4.0014,0.45
02/02/2017,3.9835,-0.59
01/02/2017,4.0071,-0.93
31/01/2017,4.0446,-0.06
30/01/2017,4.0472,-0.3
27/01/2017,4.0595,0.01
26/01/2017,4.059,0.01
25/01/2017,4.0585,-0.3
24/01/2017,4.0708,-0.13
23/01/2017,4.076,-0.6
20/01/2017,4.1005,-0.02
19/01/2017,4.1014,0.35
18/01/2017,4.087,-0.29
17/01/2017,4.0989,-0.88
16/01/2017,4.1354,0.66
13/01/2017,4.1084,-0.05
12/01/2017,4.1103,-0.87
11/01/2017,4.1465,0.47
10/01/2017,4.127,-0.77
09/01/2017,4.1592,-0.18
05/01/2017,4.1667,-0.88
04/01/2017,4.2037,-0.55
03/01/2017,4.2271,0.39
02/01/2017,4.2106,0.75
30/12/2016,4.1793,-0.87
29/12/2016,4.2161,-0.23
28/12/2016,4.226,0.33
27/12/2016,4.212,-0.19
23/12/2016,4.2199,-0.05
22/12/2016,4.2222,-0.62
21/12/2016,4.2484,-0.02
20/12/2016,4.2493,0.56
19/12/2016,4.2255,-0.1
16/12/2016,4.2296,-0.08
15/12/2016,4.2329,1.34
14/12/2016,4.1768,-0.33
13/12/2016,4.1905,-0.44
12/12/2016,4.209,0.76
09/12/2016,4.1772,1.62
08/12/2016,4.1107,-0.39
07/12/2016,4.1268,-1.33
06/12/2016,4.1825,-0.92
05/12/2016,4.2213,0.15
02/12/2016,4.215,0.39
01/12/2016,4.1987,0.64
30/11/2016,4.1721,-0.25
29/11/2016,4.1827,0.74
28/11/2016,4.1521,-0.26
25/11/2016,4.1628,-0.6
24/11/2016,4.188,0.7
23/11/2016,4.1588,0.2
22/11/2016,4.1507,-0.58
21/11/2016,4.1748,-0.52
18/11/2016,4.1968,1.43
17/11/2016,4.1375,-0.01
16/11/2016,4.138,1.33
15/11/2016,4.0837,0.08
14/11/2016,4.0805,2.38
10/11/2016,3.9856,1.4
09/11/2016,3.9305,0.35
08/11/2016,3.9169,0.09
07/11/2016,3.9132,0.69
04/11/2016,3.8862,-0.26
03/11/2016,3.8965,0.03
02/11/2016,3.8954,-1.35
31/10/2016,3.9488,-0.52
28/10/2016,3.9696,-0.16
27/10/2016,3.976,0.61
26/10/2016,3.9517,-0.07
25/10/2016,3.9543,-0.37
24/10/2016,3.969,-0.28
21/10/2016,3.98,1.12
20/10/2016,3.9359,0.19
19/10/2016,3.9285,0.35
18/10/2016,3.9148,-0.3
17/10/2016,3.9265,0.77
14/10/2016,3.8965,-0.51
13/10/2016,3.9164,0.81
12/10/2016,3.8851,0.95
11/10/2016,3.8487,0.47
10/10/2016,3.8307,-0.51
07/10/2016,3.8505,0.26
06/10/2016,3.8405,0.26
05/10/2016,3.8307,-0.43
04/10/2016,3.8472,0.58
03/10/2016,3.8252,-0.79
30/09/2016,3.8558,0.53
29/09/2016,3.8354,0.24
28/09/2016,3.8264,0.1
27/09/2016,3.8227,-0.25
26/09/2016,3.8324,-0.01
23/09/2016,3.8328,0.52
22/09/2016,3.8128,-1.23
21/09/2016,3.8601,0.42
20/09/2016,3.8438,-0.38
19/09/2016,3.8586,0.23
16/09/2016,3.8497,-0.23
15/09/2016,3.8587,-0.33
14/09/2016,3.8716,-0.05
13/09/2016,3.8734,0.17
12/09/2016,3.8668,0.74
09/09/2016,3.8385,0.34
08/09/2016,3.8255,-0.68
07/09/2016,3.8515,-0.91
06/09/2016,3.8869,-0.17
05/09/2016,3.8937,-0.58
02/09/2016,3.9164,0.12
01/09/2016,3.9116,0.09
31/08/2016,3.9082,0.58
30/08/2016,3.8858,0.18
29/08/2016,3.8789,1.2
26/08/2016,3.8328,0.36
25/08/2016,3.819,0.04
24/08/2016,3.8174,0.3
23/08/2016,3.8061,-0.08
22/08/2016,3.809,0.49
19/08/2016,3.7905,0.21
18/08/2016,3.7826,-0.65
17/08/2016,3.8075,0.38
16/08/2016,3.7929,-0.76
12/08/2016,3.8219,-0.2
11/08/2016,3.8297,0.12
10/08/2016,3.825,-0.6
09/08/2016,3.8482,-0.58
08/08/2016,3.8706,0.43
05/08/2016,3.8542,-0.12
04/08/2016,3.8588,0.19
03/08/2016,3.8516,-0.78
02/08/2016,3.882,-0.56
01/08/2016,3.904,-0.82
29/07/2016,3.9364,-0.06
28/07/2016,3.9389,-0.88
27/07/2016,3.9739,0.14
26/07/2016,3.9682,-0.04
25/07/2016,3.9697,0.49
22/07/2016,3.9504,-0.46
21/07/2016,3.9685,-0.26
20/07/2016,3.979,0.53
19/07/2016,3.9582,-0.68
18/07/2016,3.9853,0.64
15/07/2016,3.9598,-0.21
14/07/2016,3.9681,-0.32
13/07/2016,3.9809,0.01
12/07/2016,3.9807,-0.63
11/07/2016,4.006,0.15
08/07/2016,4.0001,-0.09
07/07/2016,4.0036,-0.47
06/07/2016,4.0225,0.66
05/07/2016,3.9963,0.19
04/07/2016,3.9886,0.85
01/07/2016,3.9548,-0.64
30/06/2016,3.9803,-0.26
29/06/2016,3.9905,-0.31
28/06/2016,4.003,-0.58
27/06/2016,4.0263,0.67
24/06/2016,3.9994,3.63
23/06/2016,3.8593,-0.9
22/06/2016,3.8945,0.53
21/06/2016,3.8741,0.04
20/06/2016,3.8724,-1.75
17/06/2016,3.9412,-0.14
16/06/2016,3.9469,0.3
15/06/2016,3.9351,-0.33
14/06/2016,3.9483,1.39
13/06/2016,3.8943,1.03
10/06/2016,3.8545,1.1
09/06/2016,3.8126,-0.06
08/06/2016,3.815,-0.39
07/06/2016,3.8298,-0.79
06/06/2016,3.8602,-1.99
03/06/2016,3.9384,0.46
02/06/2016,3.9204,-0.37
01/06/2016,3.935,-0.05
31/05/2016,3.9369,-0.26
30/05/2016,3.947,0.2
27/05/2016,3.9393,-0.73
25/05/2016,3.9684,-0.26
24/05/2016,3.9789,0.7
23/05/2016,3.9513,0.39
20/05/2016,3.9358,0.5
19/05/2016,3.9161,0.4
18/05/2016,3.9005,1.29
17/05/2016,3.8508,-0.3
16/05/2016,3.8625,-0.39
13/05/2016,3.8775,-0.09
12/05/2016,3.8811,-0.11
11/05/2016,3.8855,0.01
10/05/2016,3.8853,0.32
09/05/2016,3.873,-0.01
06/05/2016,3.8732,0.67
05/05/2016,3.8475,0.46
04/05/2016,3.83,0.27
02/05/2016,3.8195,-1.4
29/04/2016,3.8738,0.11
28/04/2016,3.8695,-0.25
27/04/2016,3.8793,-0.36
26/04/2016,3.8935,-0.07
25/04/2016,3.8962,1.47
22/04/2016,3.8399,1.1
21/04/2016,3.7981,0.37
20/04/2016,3.7842,-0.22
19/04/2016,3.7925,-0.22
18/04/2016,3.801,-0.43
15/04/2016,3.8176,0.01
14/04/2016,3.8174,1.07
13/04/2016,3.7771,0.75
12/04/2016,3.749,-0.26
11/04/2016,3.7587,-0.3
08/04/2016,3.7701,0.77
07/04/2016,3.7414,-0.26
06/04/2016,3.751,0.46
05/04/2016,3.7337,0.22
04/04/2016,3.7254,0.16
01/04/2016,3.7193,-1.06
31/03/2016,3.759,0.25
30/03/2016,3.7495,-1.42
29/03/2016,3.8037,-0.36
25/03/2016,3.8174,-0.17
24/03/2016,3.824,0.61
23/03/2016,3.801,0.01
22/03/2016,3.8005,0.44
21/03/2016,3.7838,-0.12
18/03/2016,3.7882,-0.41
17/03/2016,3.8037,-1.84
16/03/2016,3.8749,0.26
15/03/2016,3.8649,0.47
14/03/2016,3.847,-1.11
11/03/2016,3.8903,-1.06
10/03/2016,3.932,-0.19
09/03/2016,3.9395,0.16
08/03/2016,3.9333,-0.46
07/03/2016,3.9515,-0.08
04/03/2016,3.9545,-0.65
03/03/2016,3.9805,-0.14
02/03/2016,3.9861,-0.16
01/03/2016,3.9924,-0.03
29/02/2016,3.9935,0.99
26/02/2016,3.9545,-0.4
25/02/2016,3.9705,-0.25
24/02/2016,3.9803,0.33
23/02/2016,3.9671,0.71
22/02/2016,3.9391,-0.35
19/02/2016,3.9531,0.29
18/02/2016,3.9416,-0.04
17/02/2016,3.9431,0.07
16/02/2016,3.9404,0.47
15/02/2016,3.922,0.37
12/02/2016,3.9074,-0.37
11/02/2016,3.9219,-0.42
10/02/2016,3.9383,-0.98
09/02/2016,3.9771,0.62
08/02/2016,3.9525,0.27
05/02/2016,3.942,-0.18
04/02/2016,3.9492,-2.07
03/02/2016,4.0325,-0.02
02/02/2016,4.0333,-0.75
01/02/2016,4.0638,-0.21
29/01/2016,4.0723,-0.36
28/01/2016,4.0872,-0.66
27/01/2016,4.1144,-0.8
26/01/2016,4.1475,0.31
25/01/2016,4.1346,0.77
22/01/2016,4.1031,-0.66
21/01/2016,4.1303,1.04
20/01/2016,4.0877,-0.1
19/01/2016,4.0917,-0.53
18/01/2016,4.1133,1.79
15/01/2016,4.0411,1.05
14/01/2016,3.999,-0.19
13/01/2016,4.0068,-0.25
12/01/2016,4.017,0.21
11/01/2016,4.0085,0.31
08/01/2016,3.9963,-0.3
07/01/2016,4.0085,0.03
05/01/2016,4.0073,2.02
04/01/2016,3.9281,0.69
31/12/2015,3.9011,0.54
30/12/2015,3.8801,0.37
29/12/2015,3.8659,-0.01
28/12/2015,3.8663,-0.08
24/12/2015,3.8695,-0.46
23/12/2015,3.8872,0.22
22/12/2015,3.8787,-1.05
21/12/2015,3.92,-0.91
18/12/2015,3.9558,-0.22
17/12/2015,3.9646,0.01
16/12/2015,3.9644,0.31
15/12/2015,3.9523,-0.43
14/12/2015,3.9695,-0.06
11/12/2015,3.9718,0.3
10/12/2015,3.9601,-0.26
09/12/2015,3.9705,-0.43
08/12/2015,3.9877,0.06
07/12/2015,3.9853,0.62
04/12/2015,3.9607,-1.96
03/12/2015,4.04,0.24
02/12/2015,4.0305,0.14
01/12/2015,4.0248,-0.14
30/11/2015,4.0304,-0.07
27/11/2015,4.0333,0.09
26/11/2015,4.0298,0.21
25/11/2015,4.0215,0.48
24/11/2015,4.0021,0.35
23/11/2015,3.988,0.44
20/11/2015,3.9706,-0.12
19/11/2015,3.9754,-0.12
18/11/2015,3.9802,0.07
17/11/2015,3.9775,0.49
16/11/2015,3.9581,0.49
13/11/2015,3.9388,-0.12
12/11/2015,3.9434,-0.34
10/11/2015,3.957,-0.09
09/11/2015,3.9605,1.36
06/11/2015,3.9075,0.39
05/11/2015,3.8925,0.13
04/11/2015,3.8876,0.51
03/11/2015,3.8678,0.23
02/11/2015,3.859,-0.41
30/10/2015,3.8748,-0.58
29/10/2015,3.8974,0.38
28/10/2015,3.8826,0.41
27/10/2015,3.8669,0.06
26/10/2015,3.8645,1.16
23/10/2015,3.82,1.04
22/10/2015,3.7806,0.48
21/10/2015,3.7627,0.65
20/10/2015,3.7385,0.32
19/10/2015,3.7265,0.06
16/10/2015,3.7243,0.8
15/10/2015,3.6948,-0.49
14/10/2015,3.7129,-0.19
13/10/2015,3.7199,0.14
12/10/2015,3.7148,-0.25
09/10/2015,3.7242,-0.8
08/10/2015,3.7543,-0.16
07/10/2015,3.7604,-0.75
06/10/2015,3.789,0.42
05/10/2015,3.773,-0.78
02/10/2015,3.8028,0.06
01/10/2015,3.8005,0.66
30/09/2015,3.7754,-0.12
29/09/2015,3.7799,-0.16
28/09/2015,3.7861,0.11
25/09/2015,3.7818,0.35
24/09/2015,3.7687,-0.3
23/09/2015,3.7801,0.97
22/09/2015,3.7438,0.97
21/09/2015,3.708,0.93
18/09/2015,3.6738,-1.05
17/09/2015,3.7129,-0.5
16/09/2015,3.7315,0.21
15/09/2015,3.7238,0.31
14/09/2015,3.7124,-0.38
11/09/2015,3.7264,-1.02
10/09/2015,3.7648,0.04
09/09/2015,3.7634,-0.64
08/09/2015,3.7878,-0.13
07/09/2015,3.7928,-0.06
04/09/2015,3.7952,0.82
03/09/2015,3.7645,0.05
02/09/2015,3.7626,0.33
01/09/2015,3.7503,-0.73
31/08/2015,3.778,0.77
28/08/2015,3.7493,0.11
27/08/2015,3.745,1.39
26/08/2015,3.6937,0.88
25/08/2015,3.6613,-0.97
24/08/2015,3.6971,-0.9
21/08/2015,3.7308,-0.93
20/08/2015,3.7659,-0.16
19/08/2015,3.7718,0.37
18/08/2015,3.7578,-0.09
17/08/2015,3.7613,0.15
14/08/2015,3.7557,-0.18
13/08/2015,3.7625,-0.48
12/08/2015,3.7805,-0.74
11/08/2015,3.8087,-0.42
10/08/2015,3.8246,-0.21
07/08/2015,3.8326,-0.15
06/08/2015,3.8385,0.07
05/08/2015,3.8359,1.5
04/08/2015,3.7792,0.23
03/08/2015,3.7705,-0.59
31/07/2015,3.7929,0.46
30/07/2015,3.7754,0.76
29/07/2015,3.7471,0.45
28/07/2015,3.7303,-0.41
27/07/2015,3.7455,-0.53
24/07/2015,3.7654,0.25
23/07/2015,3.7559,-0.19
22/07/2015,3.7629,-0.65
21/07/2015,3.7875,0.02
20/07/2015,3.7868,0.51
17/07/2015,3.7676,-0.05
16/07/2015,3.7694,0.6
15/07/2015,3.747,-0.46
14/07/2015,3.7645,0.27
13/07/2015,3.7543,-0.44
10/07/2015,3.7709,-1.52
09/07/2015,3.829,0.17
08/07/2015,3.8225,-0.23
07/07/2015,3.8313,0.93
06/07/2015,3.796,0.62
03/07/2015,3.7726,-0.35
02/07/2015,3.7859,0.62
01/07/2015,3.7625,-0.05
30/06/2015,3.7645,-0.07
29/06/2015,3.7671,1.06
26/06/2015,3.7275,-0.08
25/06/2015,3.7305,0.54
24/06/2015,3.7103,0.17
23/06/2015,3.704,0.65
22/06/2015,3.6799,-0.22
19/06/2015,3.6879,0.88
18/06/2015,3.6556,-0.86
17/06/2015,3.6873,-0.16
16/06/2015,3.6933,0.08
15/06/2015,3.6905,-0.51
12/06/2015,3.7094,0.75
11/06/2015,3.6817,0.16
10/06/2015,3.676,-0.58
09/06/2015,3.6975,-1.09
08/06/2015,3.7381,1.17
05/06/2015,3.6949,-0.43
03/06/2015,3.7108,-1.51
02/06/2015,3.7676,-0.46
01/06/2015,3.785,0.48
29/05/2015,3.7671,-0.49
28/05/2015,3.7858,-0.13
27/05/2015,3.7906,0.02
26/05/2015,3.7898,1.06
25/05/2015,3.75,2.21
22/05/2015,3.669,0.23
21/05/2015,3.6605,0.18
20/05/2015,3.6538,1.07
19/05/2015,3.6152,1.69
18/05/2015,3.555,-0.47
15/05/2015,3.5719,-0.56
14/05/2015,3.5921,-1.04
13/05/2015,3.63,-0.4
12/05/2015,3.6447,-0.12
11/05/2015,3.6489,1.09
08/05/2015,3.6095,0.74
07/05/2015,3.583,-0.79
06/05/2015,3.6116,-0.25
05/05/2015,3.6205,-0.32
04/05/2015,3.632,0.93
30/04/2015,3.5987,-1.12
29/04/2015,3.6396,-0.97
28/04/2015,3.6751,-0.98
27/04/2015,3.7115,0.6
24/04/2015,3.6895,-1.27
23/04/2015,3.7371,0.66
22/04/2015,3.7125,-0.4
21/04/2015,3.7275,-0.07
20/04/2015,3.7302,0.07
17/04/2015,3.7277,-1.24
16/04/2015,3.7746,-0.34
15/04/2015,3.7875,-0.33
14/04/2015,3.8001,-0.23
13/04/2015,3.8088,0.51
10/04/2015,3.7894,1.28
09/04/2015,3.7414,0.75
08/04/2015,3.7135,-0.8
07/04/2015,3.7435,-0.04
03/04/2015,3.7449,-0.2
02/04/2015,3.7524,-0.97
01/04/2015,3.789,-0.62
31/03/2015,3.8125,1.17
30/03/2015,3.7685,-0.54
27/03/2015,3.789,2.27
26/03/2015,3.705,-0.82
25/03/2015,3.7355,-0.26
24/03/2015,3.7453,-1.9
23/03/2015,3.818,-1.2
20/03/2015,3.8645,0.13
19/03/2015,3.8596,-1.22
18/03/2015,3.9073,0.1
17/03/2015,3.9034,-0.58
16/03/2015,3.926,0.3
13/03/2015,3.9141,0.55
12/03/2015,3.8928,-0.42
11/03/2015,3.9091,1.95
10/03/2015,3.8345,1.2
09/03/2015,3.789,0.64
06/03/2015,3.7649,0.33
05/03/2015,3.7525,0.11
04/03/2015,3.7485,0.79
03/03/2015,3.719,0.37
02/03/2015,3.7053,0.2
27/02/2015,3.698,1.26
26/02/2015,3.6519,-0.35
25/02/2015,3.6649,-0.81
24/02/2015,3.6948,0.04
23/02/2015,3.6933,0.1
20/02/2015,3.6895,0.72
19/02/2015,3.6631,-0.42
18/02/2015,3.6784,-0.01
17/02/2015,3.6788,0.34
16/02/2015,3.6665,0.31
13/02/2015,3.6552,-1.01
12/02/2015,3.6926,-0.45
11/02/2015,3.7094,-0.34
10/02/2015,3.722,1.11
09/02/2015,3.6811,1.14
06/02/2015,3.6395,-0.71
05/02/2015,3.6656,0.59
04/02/2015,3.644,-1.21
03/02/2015,3.6886,0.23
02/02/2015,3.6801,-1.08
30/01/2015,3.7204,-0.57
29/01/2015,3.7418,0.38
28/01/2015,3.7276,-0.19
27/01/2015,3.7348,-0.67
26/01/2015,3.7601,-0.23
23/01/2015,3.7687,1.87
22/01/2015,3.6994,-0.97
21/01/2015,3.7358,0.03
20/01/2015,3.7346,0.46
19/01/2015,3.7176,0.01
16/01/2015,3.7174,1.6
15/01/2015,3.6588,0.17
14/01/2015,3.6525,0.75
13/01/2015,3.6252,0.09
12/01/2015,3.6218,-0.09
09/01/2015,3.6252,-0.63
08/01/2015,3.6482,0.29
07/01/2015,3.6375,1.11
05/01/2015,3.5975,0.7
02/01/2015,3.5725,1.86
31/12/2014,3.5072,-1.09
30/12/2014,3.5458,0.53
29/12/2014,3.527,-0.06
24/12/2014,3.529,1.01
23/12/2014,3.4937,0.49
22/12/2014,3.4767,-0.07
19/12/2014,3.4791,1.05
18/12/2014,3.4428,1.47
17/12/2014,3.3928,1.21
16/12/2014,3.3522,-0.29
15/12/2014,3.3621,-0.05
12/12/2014,3.3639,0.08
11/12/2014,3.3611,0.12
10/12/2014,3.3572,-0.34
09/12/2014,3.3688,-0.85
08/12/2014,3.3978,1.07
05/12/2014,3.3619,-0.32
04/12/2014,3.3728,-0.01
03/12/2014,3.373,0.79
02/12/2014,3.3466,-0.16
01/12/2014,3.3519,-0.26
28/11/2014,3.3605,0.23
27/11/2014,3.3528,-0.05
26/11/2014,3.3546,-0.47
25/11/2014,3.3706,-0.4
24/11/2014,3.3842,0.04
21/11/2014,3.3827,0.44
20/11/2014,3.368,0.07
19/11/2014,3.3655,-0.15
18/11/2014,3.3706,-0.33
17/11/2014,3.3819,-0.34
14/11/2014,3.3933,0.22
13/11/2014,3.386,-0.31
12/11/2014,3.3966,0.6
10/11/2014,3.3765,-0.94
07/11/2014,3.4084,0.93
06/11/2014,3.3769,-0.35
05/11/2014,3.3887,0.33
04/11/2014,3.3776,0.01
03/11/2014,3.3772,0.94
31/10/2014,3.3459,-0.4
30/10/2014,3.3592,1.21
29/10/2014,3.3192,-0.31
28/10/2014,3.3295,0.02
27/10/2014,3.3288,-0.3
24/10/2014,3.3387,-0.01
23/10/2014,3.339,0.35
22/10/2014,3.3275,0.87
21/10/2014,3.2987,-0.37
20/10/2014,3.3109,0.44
17/10/2014,3.2964,-0.06
16/10/2014,3.2985,-0.83
15/10/2014,3.3262,0.5
14/10/2014,3.3095,0.1
13/10/2014,3.3062,0.23
10/10/2014,3.2985,0.64
09/10/2014,3.2776,-0.83
08/10/2014,3.305,-0.17
07/10/2014,3.3106,-0.71
06/10/2014,3.3343,0.8
03/10/2014,3.3079,0.12
02/10/2014,3.3039,-0.4
01/10/2014,3.3172,0.6
30/09/2014,3.2973,-0.08
29/09/2014,3.3,0.68
26/09/2014,3.2776,-0.14
25/09/2014,3.2823,0.92
24/09/2014,3.2525,0.29
23/09/2014,3.243,-0.43
22/09/2014,3.257,0.19
19/09/2014,3.2507,0.05
18/09/2014,3.249,0.49
17/09/2014,3.2331,-0.27
16/09/2014,3.2419,-0.32
15/09/2014,3.2522,0.17
12/09/2014,3.2468,0.1
11/09/2014,3.2435,-0.22
10/09/2014,3.2508,-0.3
09/09/2014,3.2605,0.93
08/09/2014,3.2303,-0.16
05/09/2014,3.2354,1.27
04/09/2014,3.1947,0.11
03/09/2014,3.1912,-0.62
02/09/2014,3.2112,0.24
01/09/2014,3.2035,0.22
29/08/2014,3.1965,0.41
28/08/2014,3.1834,0.22
27/08/2014,3.1764,0.25
26/08/2014,3.1686,0.02
25/08/2014,3.168,0.51
22/08/2014,3.152,-0.16
21/08/2014,3.1569,0.31
20/08/2014,3.147,0.36
19/08/2014,3.1356,0.04
18/08/2014,3.1342,0.18
14/08/2014,3.1285,-0.5
13/08/2014,3.1442,-0.07
12/08/2014,3.1465,0.28
11/08/2014,3.1378,-0.42
08/08/2014,3.1509,0.36
07/08/2014,3.1397,0.06
06/08/2014,3.1377,0.82
05/08/2014,3.1121,0.02
04/08/2014,3.1114,-0.53
01/08/2014,3.128,0.6
31/07/2014,3.1094,0.37
30/07/2014,3.0978,0.25
29/07/2014,3.09,0.13
28/07/2014,3.086,0.09
25/07/2014,3.0831,0.42
24/07/2014,3.0702,-0.02
23/07/2014,3.0707,-0.13
22/07/2014,3.0748,0.16
21/07/2014,3.07,0.16
18/07/2014,3.0652,0.24
17/07/2014,3.0579,0.25
16/07/2014,3.0503,0.16
15/07/2014,3.0454,0.28
14/07/2014,3.0368,-0.19
11/07/2014,3.0426,0.34
10/07/2014,3.0323,0
09/07/2014,3.0322,-0.39
08/07/2014,3.0441,-0.18
07/07/2014,3.0497,0.01
04/07/2014,3.0495,0.25
03/07/2014,3.0418,0.1
02/07/2014,3.0387,0.11
01/07/2014,3.0355,-0.39
30/06/2014,3.0473,-0.04
27/06/2014,3.0485,0.41
26/06/2014,3.0361,-0.3
25/06/2014,3.0451,-0.25
24/06/2014,3.0526,-0.33
23/06/2014,3.0627,0.43
20/06/2014,3.0495,-0.31
18/06/2014,3.0589,0.31
17/06/2014,3.0495,-0.52
16/06/2014,3.0654,0.9
13/06/2014,3.0382,0.03
12/06/2014,3.0374,-0.19
11/06/2014,3.0431,0.42
10/06/2014,3.0303,0.78
09/06/2014,3.0067,-0.51
06/06/2014,3.0222,-0.18
05/06/2014,3.0275,-0.71
04/06/2014,3.0491,0.14
03/06/2014,3.0449,0.12
02/06/2014,3.0413,-0.07
30/05/2014,3.0435,0.13
29/05/2014,3.0395,-0.66
28/05/2014,3.0598,0.22
27/05/2014,3.0532,0.22
26/05/2014,3.0466,-0.08
23/05/2014,3.049,-0.11
22/05/2014,3.0525,-0.05
21/05/2014,3.054,-0.26
20/05/2014,3.062,0.2
19/05/2014,3.0558,-0.03
16/05/2014,3.0567,-0.07
15/05/2014,3.0589,0.36
14/05/2014,3.048,0.33
13/05/2014,3.0381,0.06
12/05/2014,3.0362,0.38
09/05/2014,3.0247,0.68
08/05/2014,3.0042,-0.48
07/05/2014,3.0187,-0.03
06/05/2014,3.0196,-0.38
05/05/2014,3.031,0.07
02/05/2014,3.0289,-0.5
30/04/2014,3.044,0.4
29/04/2014,3.0318,-0.16
28/04/2014,3.0368,-0.03
25/04/2014,3.0378,0.31
24/04/2014,3.0285,0.04
23/04/2014,3.0273,-0.22
22/04/2014,3.034,0.25
18/04/2014,3.0265,-0.17
17/04/2014,3.0317,0.15
16/04/2014,3.0272,-0.17
15/04/2014,3.0325,0.12
14/04/2014,3.0288,0.67
11/04/2014,3.0086,-0.02
10/04/2014,3.0092,-0.43
09/04/2014,3.0221,-0.18
08/04/2014,3.0276,-0.56
07/04/2014,3.0446,0.16
04/04/2014,3.0397,0.22
03/04/2014,3.033,0.14
02/04/2014,3.0288,0.03
01/04/2014,3.0278,-0.22
31/03/2014,3.0344,-0.1
28/03/2014,3.0374,-0.09
27/03/2014,3.0401,0.27
26/03/2014,3.0318,-0.08
25/03/2014,3.0342,-0.46
24/03/2014,3.0483,0.19
21/03/2014,3.0425,-0.25
20/03/2014,3.05,0.84
19/03/2014,3.0245,-0.5
18/03/2014,3.0396,-0.11
17/03/2014,3.043,-0.17
14/03/2014,3.0481,0.65
13/03/2014,3.0284,-0.73
12/03/2014,3.0508,0.19
11/03/2014,3.0449,0.6
10/03/2014,3.0266,0.27
07/03/2014,3.0185,-0.8
06/03/2014,3.0427,-0.16
05/03/2014,3.0477,-0.04
04/03/2014,3.0489,0.09
03/03/2014,3.0462,0.69
28/02/2014,3.0254,-1.31
27/02/2014,3.0655,1.31
26/02/2014,3.026,-0.01
25/02/2014,3.0264,0.03
24/02/2014,3.0255,-0.44
21/02/2014,3.0389,-0.33
20/02/2014,3.049,0.67
19/02/2014,3.0286,-0.05
18/02/2014,3.03,0.17
17/02/2014,3.025,-0.28
14/02/2014,3.0334,-0.65
13/02/2014,3.0532,-0.07
12/02/2014,3.0552,-0.09
11/02/2014,3.0581,-0.33
10/02/2014,3.0683,-0.56
07/02/2014,3.0857,-0.3
06/02/2014,3.095,-0.12
05/02/2014,3.0987,-0.65
04/02/2014,3.1189,-0.58
03/02/2014,3.137,0.26
31/01/2014,3.1288,0.39
30/01/2014,3.1166,1.09
29/01/2014,3.0829,0.63
28/01/2014,3.0635,-0.81
27/01/2014,3.0884,0.51
24/01/2014,3.0727,0.55
23/01/2014,3.0559,-0.66
22/01/2014,3.0761,-0.01
21/01/2014,3.0763,0.27
20/01/2014,3.068,0.27
17/01/2014,3.0596,0.1
16/01/2014,3.0566,0.23
15/01/2014,3.0495,0.31
14/01/2014,3.04,-0.16
13/01/2014,3.045,-0.81
10/01/2014,3.07,0.02
09/01/2014,3.0695,-0.07
08/01/2014,3.0717,0.09
07/01/2014,3.0688,0.56
03/01/2014,3.0517,0.67
02/01/2014,3.0315,0.65
31/12/2013,3.012,-0.2
30/12/2013,3.018,0.25
27/12/2013,3.0105,-0.79
24/12/2013,3.0346,-0.32
23/12/2013,3.0443,-0.27
20/12/2013,3.0525,0.11
19/12/2013,3.049,0.32
18/12/2013,3.0393,0.11
17/12/2013,3.036,0.03
16/12/2013,3.035,-0.27
13/12/2013,3.0432,0.06
12/12/2013,3.0415,0.1
11/12/2013,3.0386,-0.13
10/12/2013,3.0425,-0.36
09/12/2013,3.0534,-0.45
06/12/2013,3.0673,-0.64
05/12/2013,3.087,-0.15
04/12/2013,3.0916,-0.18
03/12/2013,3.0973,0.03
02/12/2013,3.0965,0.39
29/11/2013,3.0846,-0.08
28/11/2013,3.0872,-0.09
27/11/2013,3.0899,-0.15
26/11/2013,3.0945,-0.24
25/11/2013,3.1019,-0.19
22/11/2013,3.1077,-0.48
21/11/2013,3.1227,0.9
20/11/2013,3.0947,0.07
19/11/2013,3.0925,-0.09
18/11/2013,3.0953,-0.7
15/11/2013,3.1172,0.07
14/11/2013,3.115,-0.66
13/11/2013,3.1358,-0.29
12/11/2013,3.1448,1.01
08/11/2013,3.1133,0.94
07/11/2013,3.0844,-0.17
06/11/2013,3.0896,-0.27
05/11/2013,3.0981,0.02
04/11/2013,3.0975,1.53
31/10/2013,3.0507,0.24
30/10/2013,3.0433,-0.01
29/10/2013,3.0436,0.55
28/10/2013,3.0271,-0.18
25/10/2013,3.0326,0.01
24/10/2013,3.0323,-0.2
23/10/2013,3.0385,-0.59
22/10/2013,3.0564,-0.18
21/10/2013,3.062,0.37
18/10/2013,3.0506,-0.39
17/10/2013,3.0625,-0.74
16/10/2013,3.0854,-0.13
15/10/2013,3.0893,-0.14
14/10/2013,3.0936,0.28
11/10/2013,3.085,-0.46
10/10/2013,3.0994,-0.2
09/10/2013,3.1057,0.6
08/10/2013,3.0873,-0.33
07/10/2013,3.0976,0.24
04/10/2013,3.0902,-0.16
03/10/2013,3.0951,-0.84
02/10/2013,3.1212,0.13
01/10/2013,3.117,-0.18
30/09/2013,3.1227,-0.32
27/09/2013,3.1328,0.16
26/09/2013,3.1277,0.14
25/09/2013,3.1234,-0.33
24/09/2013,3.1338,0.25
23/09/2013,3.126,0.35
20/09/2013,3.1152,1.03
19/09/2013,3.0833,-2.7
18/09/2013,3.1689,0.43
17/09/2013,3.1552,0.37
16/09/2013,3.1435,-0.82
13/09/2013,3.1696,-0.27
12/09/2013,3.1782,-0.54
11/09/2013,3.1955,-0.7
10/09/2013,3.2181,-0.54
09/09/2013,3.2357,-1.15
06/09/2013,3.2732,0.83
05/09/2013,3.2463,0.23
04/09/2013,3.2387,-0.14
03/09/2013,3.2433,0.84
02/09/2013,3.2164,-0.14
30/08/2013,3.2209,-0.19
29/08/2013,3.2269,1.35
28/08/2013,3.184,-0.03
27/08/2013,3.1849,0.6
26/08/2013,3.1658,-0.05
23/08/2013,3.1673,-0.43
22/08/2013,3.1811,0.36
21/08/2013,3.1698,-0.2
20/08/2013,3.1761,-0.35
19/08/2013,3.1873,0.66
16/08/2013,3.1665,0.07
14/08/2013,3.1643,0.49
13/08/2013,3.1489,-0.07
12/08/2013,3.151,0.56
09/08/2013,3.1336,-0.53
08/08/2013,3.1503,-0.7
07/08/2013,3.1725,-0.06
06/08/2013,3.1744,-0.08
05/08/2013,3.1771,-1.34
02/08/2013,3.2201,0.75
01/08/2013,3.1961,0.1
31/07/2013,3.1929,0.41
30/07/2013,3.1798,-0.19
29/07/2013,3.1859,0.09
26/07/2013,3.1831,-0.97
25/07/2013,3.2143,1.08
24/07/2013,3.18,-0.63
23/07/2013,3.2001,-0.44
22/07/2013,3.2142,-0.64
19/07/2013,3.2348,-0.04
18/07/2013,3.2362,-0.15
17/07/2013,3.241,-0.99
16/07/2013,3.2735,-0.67
15/07/2013,3.2955,-0.74
12/07/2013,3.3201,-0.07
11/07/2013,3.3225,-1.48
10/07/2013,3.3724,0.4
09/07/2013,3.3588,0.04
08/07/2013,3.3576,1
05/07/2013,3.3245,0
04/07/2013,3.3246,-0.81
03/07/2013,3.3516,0.88
02/07/2013,3.3222,0.04
01/07/2013,3.321,0.11
28/06/2013,3.3175,-0.2
27/06/2013,3.3241,0.01
26/06/2013,3.3239,1.21
25/06/2013,3.284,-0.9
24/06/2013,3.3137,1.2
21/06/2013,3.2743,0.15
20/06/2013,3.2693,2.88
19/06/2013,3.1777,0.3
18/06/2013,3.1682,-0.12
17/06/2013,3.1719,0.21
14/06/2013,3.1654,-1.08
13/06/2013,3.2,-0.01
12/06/2013,3.2002,-0.62
11/06/2013,3.2201,-0.03
10/06/2013,3.221,-1.03
07/06/2013,3.2545,-0.06
06/06/2013,3.2564,0.44
05/06/2013,3.2421,-0.32
04/06/2013,3.2524,-1.04
03/06/2013,3.2865,-0.27
31/05/2013,3.2953,0.37
29/05/2013,3.2831,1.13
28/05/2013,3.2465,0.15
27/05/2013,3.2416,0.05
24/05/2013,3.24,-0.57
23/05/2013,3.2587,0.82
22/05/2013,3.2322,-0.52
21/05/2013,3.249,0.34
20/05/2013,3.238,-0.43
17/05/2013,3.252,0
16/05/2013,3.2521,0.56
15/05/2013,3.234,1.07
14/05/2013,3.1998,-0.17
13/05/2013,3.2051,0.6
10/05/2013,3.1861,1.49
09/05/2013,3.1392,-0.69
08/05/2013,3.1609,-0.5
07/05/2013,3.1767,0.38
06/05/2013,3.1646,0.49
02/05/2013,3.1492,-0.72
30/04/2013,3.1721,0.03
29/04/2013,3.1712,-0.72
26/04/2013,3.1943,0.47
25/04/2013,3.1792,-0.1
24/04/2013,3.1823,0.04
23/04/2013,3.1811,1.15
22/04/2013,3.1448,0.12
19/04/2013,3.1409,-0.38
18/04/2013,3.1529,1.19
17/04/2013,3.1159,-1.27
16/04/2013,3.1559,0.18
15/04/2013,3.1502,-0.11
12/04/2013,3.1537,0.49
11/04/2013,3.1382,-0.07
10/04/2013,3.1405,-0.92
09/04/2013,3.1696,-0.62
08/04/2013,3.1893,-1.44
05/04/2013,3.2358,-1.2
04/04/2013,3.275,0.17
03/04/2013,3.2693,0.43
02/04/2013,3.2552,-0.12
29/03/2013,3.259,-0.56
28/03/2013,3.2773,0.42
27/03/2013,3.2635,0.64
26/03/2013,3.2427,1.49
25/03/2013,3.195,-1.27
22/03/2013,3.2361,-0.08
21/03/2013,3.2387,0.68
20/03/2013,3.2169,0.36
19/03/2013,3.2055,0.12
18/03/2013,3.2015,0.46
15/03/2013,3.1868,-0.41
14/03/2013,3.2,0.43
13/03/2013,3.1863,-0.08
12/03/2013,3.1887,0.19
11/03/2013,3.1828,0.44
08/03/2013,3.169,-0.37
07/03/2013,3.1808,0.47
06/03/2013,3.166,-0.02
05/03/2013,3.1665,-0.54
04/03/2013,3.1837,0.21
01/03/2013,3.1769,0.28
28/02/2013,3.1679,-0.51
27/02/2013,3.1841,0.34
26/02/2013,3.1733,1.02
25/02/2013,3.1412,-0.1
22/02/2013,3.1443,-0.6
21/02/2013,3.1633,2.04
20/02/2013,3.1002,-1.14
19/02/2013,3.136,-0.16
18/02/2013,3.141,0.04
15/02/2013,3.1398,0.61
14/02/2013,3.1209,0.64
13/02/2013,3.1012,-0.47
12/02/2013,3.1159,0.54
11/02/2013,3.0991,-0.21
08/02/2013,3.1056,0.55
07/02/2013,3.0886,0.06
06/02/2013,3.0868,0.12
05/02/2013,3.0831,0.88
04/02/2013,3.0563,-0.59
01/02/2013,3.0744,-0.42
31/01/2013,3.0874,-0.21
30/01/2013,3.0938,-0.93
29/01/2013,3.1229,0.5
28/01/2013,3.1074,-0.36
25/01/2013,3.1186,-1.01
24/01/2013,3.1503,0.99
23/01/2013,3.1195,-0.47
22/01/2013,3.1341,-0.03
21/01/2013,3.1351,1.38
18/01/2013,3.0925,0.23
17/01/2013,3.0853,-0.78
16/01/2013,3.1097,1.13
15/01/2013,3.075,-0.25
14/01/2013,3.0828,-0.2
11/01/2013,3.089,-0.74
10/01/2013,3.1121,-1.25
09/01/2013,3.1516,0.19
08/01/2013,3.1457,-0.51
07/01/2013,3.1618,-0.26
04/01/2013,3.17,2.24
03/01/2013,3.1005,1.13
02/01/2013,3.066,-1.08
31/12/2012,3.0996,0.33
28/12/2012,3.0893,0.25
27/12/2012,3.0816,0.05
24/12/2012,3.08,0.03
21/12/2012,3.0791,0.07
20/12/2012,3.0769,0.26
19/12/2012,3.069,-1.14
18/12/2012,3.1044,0.03
17/12/2012,3.1035,-0.75
14/12/2012,3.1271,-0.2
13/12/2012,3.1333,-0.4
12/12/2012,3.1459,-0.59
11/12/2012,3.1645,-1.04
10/12/2012,3.1978,0.15
07/12/2012,3.193,1.24
06/12/2012,3.1538,0.07
05/12/2012,3.1516,-0.19
04/12/2012,3.1575,0.24
03/12/2012,3.1498,-0.28
30/11/2012,3.1585,0.09
29/11/2012,3.1556,-0.76
28/11/2012,3.1799,0.52
27/11/2012,3.1634,-0.35
26/11/2012,3.1744,-0.63
23/11/2012,3.1945,-0.24
22/11/2012,3.2021,-0.82
21/11/2012,3.2287,-0.14
20/11/2012,3.2333,-0.52
19/11/2012,3.2503,-0.55
16/11/2012,3.2682,0.01
15/11/2012,3.2678,-0.22
14/11/2012,3.275,-0.59
13/11/2012,3.2945,0.43
12/11/2012,3.2803,0.66
09/11/2012,3.2588,-0.21
08/11/2012,3.2655,1.95
07/11/2012,3.2031,-0.6
06/11/2012,3.2223,0.04
05/11/2012,3.2211,0.77
02/11/2012,3.1965,0.5
31/10/2012,3.1806,-0.72
30/10/2012,3.2036,-0.34
29/10/2012,3.2145,0.08
26/10/2012,3.2119,0.84
25/10/2012,3.1851,-0.45
24/10/2012,3.1996,1.05
23/10/2012,3.1662,0.61
22/10/2012,3.147,-0.09
19/10/2012,3.1499,0.59
18/10/2012,3.1314,0.17
17/10/2012,3.1261,-0.56
16/10/2012,3.1438,-0.4
15/10/2012,3.1565,-0.04
12/10/2012,3.1577,-0.76
11/10/2012,3.1819,0.39
10/10/2012,3.1695,0.62
09/10/2012,3.1501,0.23
08/10/2012,3.143,0.25
05/10/2012,3.1353,-0.93
04/10/2012,3.1646,-0.78
03/10/2012,3.1896,0.2
02/10/2012,3.1833,0.08
01/10/2012,3.1809,0.09
28/09/2012,3.178,-1.41
27/09/2012,3.2236,0.15
26/09/2012,3.2187,0.16
25/09/2012,3.2136,-0.14
24/09/2012,3.218,1.48
21/09/2012,3.1712,-1.18
20/09/2012,3.2092,1.46
19/09/2012,3.1631,0.39
18/09/2012,3.1509,0.97
17/09/2012,3.1207,0.24
14/09/2012,3.1131,-2.26
13/09/2012,3.1852,0.54
12/09/2012,3.168,-1.3
11/09/2012,3.2098,-0.28
10/09/2012,3.2189,-1.19
07/09/2012,3.2578,-1.14
06/09/2012,3.2955,-2.19
05/09/2012,3.3693,1.24
04/09/2012,3.3281,-0.35
03/09/2012,3.3398,0.13
31/08/2012,3.3353,-0.13
30/08/2012,3.3397,0.96
29/08/2012,3.3081,1.21
28/08/2012,3.2685,0.35
27/08/2012,3.257,-0.34
24/08/2012,3.268,0.59
23/08/2012,3.2488,-0.46
22/08/2012,3.2639,-0.46
21/08/2012,3.279,-0.47
20/08/2012,3.2944,0.18
17/08/2012,3.2886,-1.1
16/08/2012,3.3253,0.59
14/08/2012,3.3059,-0.43
13/08/2012,3.3202,0.02
10/08/2012,3.3195,0.85
09/08/2012,3.2915,-0.38
08/08/2012,3.304,1.33
07/08/2012,3.2606,-0.45
06/08/2012,3.2752,-2.37
03/08/2012,3.3548,0.26
02/08/2012,3.3462,0.13
01/08/2012,3.342,-0.26
31/07/2012,3.3508,-0.81
30/07/2012,3.378,-0.19
27/07/2012,3.3843,-1.97
26/07/2012,3.4523,-0.56
25/07/2012,3.4719,0.12
24/07/2012,3.4678,0.43
23/07/2012,3.4529,1.67
20/07/2012,3.3961,0.18
19/07/2012,3.39,-0.15
18/07/2012,3.395,-0.07
17/07/2012,3.3973,-1.11
16/07/2012,3.4353,-0.32
13/07/2012,3.4463,0.23
12/07/2012,3.4383,1.11
11/07/2012,3.4007,-0.4
10/07/2012,3.4145,-1.14
09/07/2012,3.4538,1.41
06/07/2012,3.4057,0.93
05/07/2012,3.3743,0.98
04/07/2012,3.3415,-0.04
03/07/2012,3.3427,-0.09
02/07/2012,3.3456,-1.27
29/06/2012,3.3885,-1.52
28/06/2012,3.4408,1.16
27/06/2012,3.4015,-0.21
26/06/2012,3.4088,-0.05
25/06/2012,3.4105,0.24
22/06/2012,3.4025,1.21
21/06/2012,3.3617,0.44
20/06/2012,3.3471,-1.31
19/06/2012,3.3916,0.52
18/06/2012,3.3741,-0.68
15/06/2012,3.3971,-1.3
14/06/2012,3.442,-0.49
13/06/2012,3.4591,0.11
12/06/2012,3.4552,1.41
11/06/2012,3.4072,-1.43
08/06/2012,3.4566,-0.39
06/06/2012,3.4703,-1.86
05/06/2012,3.5359,-0.2
04/06/2012,3.5431,-0.97
01/06/2012,3.5777,1.14
31/05/2012,3.5372,0.66
30/05/2012,3.5139,1.34
29/05/2012,3.4675,0.41
28/05/2012,3.4535,-0.16
25/05/2012,3.4589,-0.55
24/05/2012,3.4779,0.93
23/05/2012,3.446,1.92
22/05/2012,3.3811,-0.34
21/05/2012,3.3928,-1.46
18/05/2012,3.4431,0.69
17/05/2012,3.4194,-0.46
16/05/2012,3.4353,2.31
15/05/2012,3.3579,0.47
14/05/2012,3.3422,2.01
11/05/2012,3.2765,0.09
10/05/2012,3.2735,1
09/05/2012,3.2412,0.54
08/05/2012,3.2238,-0.13
07/05/2012,3.2279,1.22
04/05/2012,3.1891,0.94
02/05/2012,3.1593,0.27
30/04/2012,3.1509,-0.5
27/04/2012,3.1666,0.21
26/04/2012,3.1599,-0.24
25/04/2012,3.1675,-0.85
24/04/2012,3.1946,-0.08
23/04/2012,3.1972,0.45
20/04/2012,3.1828,-0.16
19/04/2012,3.1879,-0.07
18/04/2012,3.1902,0.09
17/04/2012,3.1872,-1.29
16/04/2012,3.2289,1.65
13/04/2012,3.1765,-0.17
12/04/2012,3.1818,-0.67
11/04/2012,3.2034,0.41
10/04/2012,3.1904,0.28
06/04/2012,3.1814,0.43
05/04/2012,3.1678,0.56
04/04/2012,3.1503,1.66
03/04/2012,3.099,-0.09
02/04/2012,3.1017,-0.56
30/03/2012,3.1191,-0.14
29/03/2012,3.1234,0.43
28/03/2012,3.11,0.52
27/03/2012,3.0939,-1.3
26/03/2012,3.1348,-0.22
23/03/2012,3.1417,-0.83
22/03/2012,3.168,1.63
21/03/2012,3.1173,-0.37
20/03/2012,3.1288,-0.23
19/03/2012,3.1361,-1.03
16/03/2012,3.1688,-0.11
15/03/2012,3.1723,0.08
14/03/2012,3.1699,1.31
13/03/2012,3.1288,0.01
12/03/2012,3.1285,0.51
09/03/2012,3.1126,-0.3
08/03/2012,3.122,-1.3
07/03/2012,3.1631,0.23
06/03/2012,3.1557,0.64
05/03/2012,3.1355,1.07
02/03/2012,3.1023,0.44
01/03/2012,3.0887,0.51
29/02/2012,3.073,-0.8
28/02/2012,3.0977,-0.64
27/02/2012,3.1176,0.23
24/02/2012,3.1103,-0.88
23/02/2012,3.138,-0.81
22/02/2012,3.1635,0.47
21/02/2012,3.1488,-0.35
20/02/2012,3.1598,-0.6
17/02/2012,3.179,-2.19
16/02/2012,3.2502,2.66
15/02/2012,3.166,-0.44
14/02/2012,3.1801,0.5
13/02/2012,3.1643,-0.19
10/02/2012,3.1703,0.69
09/02/2012,3.1487,0.08
08/02/2012,3.1461,-1.08
07/02/2012,3.1806,-0.87
06/02/2012,3.2084,0.74
03/02/2012,3.1848,-0.33
02/02/2012,3.1955,0.13
01/02/2012,3.1913,-0.37
31/01/2012,3.2032,-1.24
30/01/2012,3.2433,0.84
27/01/2012,3.2163,-0.22
26/01/2012,3.2233,-2.29
25/01/2012,3.299,0.06
24/01/2012,3.297,-1.15
23/01/2012,3.3353,-0.55
20/01/2012,3.3537,-0.42
19/01/2012,3.3678,-0.95
18/01/2012,3.4,-0.63
17/01/2012,3.4215,-1.68
16/01/2012,3.4798,1.38
13/01/2012,3.4323,-1.78
12/01/2012,3.4945,0.07
11/01/2012,3.4919,-0.47
10/01/2012,3.5083,-0.19
09/01/2012,3.515,0.2
05/01/2012,3.5081,2.22
04/01/2012,3.432,0.13
03/01/2012,3.4277,-0.51
02/01/2012,3.4454,0.82
30/12/2011,3.4174,0.14
29/12/2011,3.4126,1.54
28/12/2011,3.3608,-0.53
27/12/2011,3.3788,-0.57
23/12/2011,3.398,0.14
22/12/2011,3.3933,0.41
21/12/2011,3.3793,-1.04
20/12/2011,3.4148,-0.93
19/12/2011,3.447,-0.34
16/12/2011,3.4586,-1.37
15/12/2011,3.5066,0.25
14/12/2011,3.4977,1.13
13/12/2011,3.4587,1.38
12/12/2011,3.4117,0.71
09/12/2011,3.3875,1.55
08/12/2011,3.3359,0.15
07/12/2011,3.331,-0.36
06/12/2011,3.3429,0.46
05/12/2011,3.3276,0.12
02/12/2011,3.3235,-0.49
01/12/2011,3.34,-2.48
30/11/2011,3.4248,0.96
29/11/2011,3.3924,0.65
28/11/2011,3.3705,-0.87
25/11/2011,3.4001,1.54
24/11/2011,3.3486,0.89
23/11/2011,3.3191,0.95
22/11/2011,3.288,-0.32
21/11/2011,3.2984,0.81
18/11/2011,3.2718,-0.75
17/11/2011,3.2965,1.05
16/11/2011,3.2621,0.29
15/11/2011,3.2526,1.23
14/11/2011,3.2132,-0.25
10/11/2011,3.2213,0.9
09/11/2011,3.1925,0.77
08/11/2011,3.1681,-0.73
07/11/2011,3.1913,1.68
04/11/2011,3.1385,-1.31
03/11/2011,3.18,-0.91
02/11/2011,3.2093,3.45
31/10/2011,3.1024,1.85
28/10/2011,3.0461,-2
27/10/2011,3.1083,-1.32
26/10/2011,3.1498,0.17
25/10/2011,3.1445,-0.82
24/10/2011,3.1705,-0.83
21/10/2011,3.1969,0.6
20/10/2011,3.1779,1.38
19/10/2011,3.1347,-1.39
18/10/2011,3.1788,3.35
17/10/2011,3.0759,-1.12
14/10/2011,3.1107,-0.96
13/10/2011,3.1409,0.18
12/10/2011,3.1352,-1.83
11/10/2011,3.1936,0.22
10/10/2011,3.1865,-2.23
07/10/2011,3.2593,-0.42
06/10/2011,3.2731,-0.71
05/10/2011,3.2966,-1.11
04/10/2011,3.3337,0.22
03/10/2011,3.3265,2.12
30/09/2011,3.2574,0.38
29/09/2011,3.2451,-0.04
28/09/2011,3.2463,-0.31
27/09/2011,3.2563,-0.62
26/09/2011,3.2766,-1.22
23/09/2011,3.3171,0.77
22/09/2011,3.2917,2.47
21/09/2011,3.2123,0.17
20/09/2011,3.2067,0.63
19/09/2011,3.1867,1.15
16/09/2011,3.1506,-1.1
15/09/2011,3.1858,0.38
14/09/2011,3.1737,-0.93
13/09/2011,3.2035,0.8
12/09/2011,3.1781,2.03
09/09/2011,3.1148,3.88
08/09/2011,2.9984,0.14
07/09/2011,2.9941,0.82
06/09/2011,2.9698,-0.17
05/09/2011,2.9748,1.61
02/09/2011,2.9277,0.97
01/09/2011,2.8996,1.05
31/08/2011,2.8695,-0.21
30/08/2011,2.8755,0.34
29/08/2011,2.8658,-0.62
26/08/2011,2.8836,0.22
25/08/2011,2.8773,-0.17
24/08/2011,2.8823,0.38
23/08/2011,2.8713,-0.79
22/08/2011,2.8943,-1.12
19/08/2011,2.927,1.91
18/08/2011,2.8722,-0.22
17/08/2011,2.8785,-0.45
16/08/2011,2.8914,-0.93
12/08/2011,2.9186,-0.02
11/08/2011,2.9191,2.48
10/08/2011,2.8485,-1.2
09/08/2011,2.8831,1.92
08/08/2011,2.8287,-1
05/08/2011,2.8572,1.19
04/08/2011,2.8237,-0.05
03/08/2011,2.8252,-0.28
02/08/2011,2.8331,2.34
01/08/2011,2.7683,-1.52
29/07/2011,2.8109,0.82
28/07/2011,2.788,0.85
27/07/2011,2.7644,-0.04
26/07/2011,2.7654,-0.8
25/07/2011,2.7878,1
22/07/2011,2.7601,-1.65
21/07/2011,2.8064,-0.55
20/07/2011,2.8218,-0.54
19/07/2011,2.8372,-1.33
18/07/2011,2.8753,0.73
15/07/2011,2.8545,0.83
14/07/2011,2.8309,-1.22
13/07/2011,2.8658,-1.31
12/07/2011,2.9039,3.26
11/07/2011,2.8123,2.25
08/07/2011,2.7505,-0.33
07/07/2011,2.7597,0.24
06/07/2011,2.7531,0.97
05/07/2011,2.7266,0.41
04/07/2011,2.7156,-0.43
01/07/2011,2.7273,-0.89
30/06/2011,2.7517,-1.29
29/06/2011,2.7877,-0.63
28/06/2011,2.8055,-0.52
27/06/2011,2.8201,1.03
24/06/2011,2.7914,0.91
22/06/2011,2.7661,-0.41
21/06/2011,2.7776,-1.01
20/06/2011,2.8058,-0.07
17/06/2011,2.8077,0.03
16/06/2011,2.8069,2.07
15/06/2011,2.7499,1.09
14/06/2011,2.7203,-0.81
13/06/2011,2.7426,0.77
10/06/2011,2.7216,0.65
09/06/2011,2.704,0.36
08/06/2011,2.6943,0.19
07/06/2011,2.6891,-0.66
06/06/2011,2.7071,-0.89
03/06/2011,2.7315,-0.95
02/06/2011,2.7578,0.36
01/06/2011,2.7479,0.04
31/05/2011,2.7468,-1.23
30/05/2011,2.781,-0.69
27/05/2011,2.8003,-0.11
26/05/2011,2.8033,-0.24
25/05/2011,2.81,0.27
24/05/2011,2.8024,-0.6
23/05/2011,2.8193,2.98
20/05/2011,2.7377,-0.7
19/05/2011,2.757,0.25
18/05/2011,2.7501,-0.74
17/05/2011,2.7707,-0.4
16/05/2011,2.7817,1.82
13/05/2011,2.7321,-0.91
12/05/2011,2.7573,1.37
11/05/2011,2.7201,-0.58
10/05/2011,2.7361,0.63
09/05/2011,2.719,-0.29
06/05/2011,2.727,3.07
05/05/2011,2.6458,-0.15
04/05/2011,2.6499,-0.16
02/05/2011,2.6541,0.15
29/04/2011,2.6501,-0.01
28/04/2011,2.6504,-1.24
27/04/2011,2.6838,-0.51
26/04/2011,2.6975,-0.59
22/04/2011,2.7135,-0.18
21/04/2011,2.7183,-0.64
20/04/2011,2.7358,-2.02
19/04/2011,2.7922,1.14
18/04/2011,2.7608,1.15
15/04/2011,2.7293,-0.01
14/04/2011,2.7297,-0.45
13/04/2011,2.7421,-0.33
12/04/2011,2.7511,0.04
11/04/2011,2.7501,0.04
08/04/2011,2.7489,-1.34
07/04/2011,2.7863,-0.44
06/04/2011,2.7986,-1.42
05/04/2011,2.8388,-0.02
04/04/2011,2.8395,-0.21
01/04/2011,2.8455,0.8
31/03/2011,2.8229,-0.17
30/03/2011,2.8277,0.18
29/03/2011,2.8227,-0.72
28/03/2011,2.8431,0.02
25/03/2011,2.8425,-0.32
24/03/2011,2.8516,0.25
23/03/2011,2.8446,0.31
22/03/2011,2.8358,-0.8
21/03/2011,2.8588,-0.91
18/03/2011,2.885,-0.78
17/03/2011,2.9077,0.09
16/03/2011,2.9052,-0.79
15/03/2011,2.9284,1.59
14/03/2011,2.8825,-1.32
11/03/2011,2.9212,1.26
10/03/2011,2.8849,0.72
09/03/2011,2.8644,0.33
08/03/2011,2.8549,0.62
07/03/2011,2.8372,-0.96
04/03/2011,2.8646,-0.2
03/03/2011,2.8704,-0.48
02/03/2011,2.8843,0.7
01/03/2011,2.8643,-0.42
28/02/2011,2.8765,-0.02
25/02/2011,2.877,-0.59
24/02/2011,2.8941,0.25
23/02/2011,2.8868,-1.13
22/02/2011,2.9198,1.54
21/02/2011,2.8755,-0.17
18/02/2011,2.8803,0.05
17/02/2011,2.879,-0.26
16/02/2011,2.8864,-1.01
15/02/2011,2.9159,-0.21
14/02/2011,2.9219,0.35
11/02/2011,2.9116,1.11
10/02/2011,2.8795,0.75
09/02/2011,2.8581,0.39
08/02/2011,2.8471,0.12
07/02/2011,2.8438,-0.8
04/02/2011,2.8666,0.85
03/02/2011,2.8424,0.69
02/02/2011,2.823,-0.84
01/02/2011,2.8468,-1.31
31/01/2011,2.8845,1.21
28/01/2011,2.8501,-0.02
27/01/2011,2.8508,0.81
26/01/2011,2.828,-0.97
25/01/2011,2.8558,-0.01
24/01/2011,2.8561,-0.76
21/01/2011,2.8779,-0.27
20/01/2011,2.8856,-0.08
19/01/2011,2.8879,0.11
18/01/2011,2.8848,-1.14
17/01/2011,2.9181,0.46
14/01/2011,2.9048,-1.04
13/01/2011,2.9353,-0.38
12/01/2011,2.9466,-1.99
11/01/2011,3.0065,-0.67
10/01/2011,3.0268,1.51
07/01/2011,2.9818,1.16
05/01/2011,2.9476,0.21
04/01/2011,2.9415,-1.36
03/01/2011,2.9822,0.61
31/12/2010,2.9641,-1.13
30/12/2010,2.9979,-1.33
29/12/2010,3.0383,0.9
28/12/2010,3.0112,-0.34
27/12/2010,3.0215,0.06
24/12/2010,3.0196,-0.42
23/12/2010,3.0323,0
22/12/2010,3.0322,-0.16
21/12/2010,3.037,-0.09
20/12/2010,3.0396,1.86
17/12/2010,2.984,-0.95
16/12/2010,3.0125,0.49
15/12/2010,2.9978,0.91
14/12/2010,2.9708,-2.42
13/12/2010,3.0445,-0.04
10/12/2010,3.0458,-0.16
09/12/2010,3.0508,-0.16
08/12/2010,3.0558,2.01
07/12/2010,2.9955,-0.34
06/12/2010,3.0057,-0.38
03/12/2010,3.0172,-0.36
02/12/2010,3.0282,-1.53
01/12/2010,3.0753,-1.77
30/11/2010,3.1308,2.85
29/11/2010,3.0441,0.26
26/11/2010,3.0363,1.61
25/11/2010,2.9881,0.24
24/11/2010,2.9808,2.72
23/11/2010,2.902,1.5
22/11/2010,2.8591,-0.55
19/11/2010,2.8749,-0.42
18/11/2010,2.8871,-1.18
17/11/2010,2.9217,0.97
16/11/2010,2.8937,0.08
15/11/2010,2.8915,0.17
12/11/2010,2.8865,2.29
10/11/2010,2.822,-0.21
09/11/2010,2.8278,0.35
08/11/2010,2.8178,1.92
05/11/2010,2.7648,0.72
04/11/2010,2.7449,-2
03/11/2010,2.801,-1.01
02/11/2010,2.8297,-1.99
29/10/2010,2.8873,0.5
28/10/2010,2.8728,0.56
27/10/2010,2.8567,1.28
26/10/2010,2.8207,0.31
25/10/2010,2.8119,-1.74
22/10/2010,2.8616,1.5
21/10/2010,2.8193,-1.81
20/10/2010,2.8714,1.58
19/10/2010,2.8268,-0.1
18/10/2010,2.8297,2.09
15/10/2010,2.7717,0.07
14/10/2010,2.7697,-2.22
13/10/2010,2.8327,-1.65
12/10/2010,2.8802,0.97
11/10/2010,2.8525,-0.47
08/10/2010,2.866,0.91
07/10/2010,2.8401,-0.07
06/10/2010,2.8422,-1.44
05/10/2010,2.8838,-0.29
04/10/2010,2.8922,0.52
01/10/2010,2.8772,-1.63
30/09/2010,2.925,0.08
29/09/2010,2.9227,-1.41
28/09/2010,2.9645,0.75
27/09/2010,2.9425,-0.94
24/09/2010,2.9704,-0.5
23/09/2010,2.9853,0.73
22/09/2010,2.9636,-1.39
21/09/2010,3.0053,-0.34
20/09/2010,3.0156,0.26
17/09/2010,3.0079,-0.17
16/09/2010,3.0131,-0.71
15/09/2010,3.0347,-0.95
14/09/2010,3.0637,-0.35
13/09/2010,3.0745,-0.4
10/09/2010,3.0867,-0.4
09/09/2010,3.0991,-0.57
08/09/2010,3.117,0.73
07/09/2010,3.0943,1.62
06/09/2010,3.045,-1.44
03/09/2010,3.0895,-0.18
02/09/2010,3.0952,-1.06
01/09/2010,3.1285,-0.94
31/08/2010,3.1583,1.14
30/08/2010,3.1226,-0.25
27/08/2010,3.1304,-0.47
26/08/2010,3.1452,-0.13
25/08/2010,3.1492,-0.77
24/08/2010,3.1737,1.22
23/08/2010,3.1354,0.78
20/08/2010,3.111,0.85
19/08/2010,3.0848,0.44
18/08/2010,3.0713,-0.31
17/08/2010,3.081,-1.56
16/08/2010,3.1297,0.79
13/08/2010,3.1053,-0.52
12/08/2010,3.1215,1.99
11/08/2010,3.0606,1.52
10/08/2010,3.0147,0.5
09/08/2010,2.9997,-0.82
06/08/2010,3.0246,-0.07
05/08/2010,3.0268,-0.59
04/08/2010,3.0448,1.01
03/08/2010,3.0143,-1.15
02/08/2010,3.0494,-0.77
30/07/2010,3.0731,0.37
29/07/2010,3.0618,-0.45
28/07/2010,3.0756,-0.34
27/07/2010,3.0861,-1.63
26/07/2010,3.1373,-0.03
23/07/2010,3.1383,-1.76
22/07/2010,3.1945,-0.22
21/07/2010,3.2017,0.83
20/07/2010,3.1754,-0.22
19/07/2010,3.1825,0.69
16/07/2010,3.1608,-0.45
15/07/2010,3.175,-0.55
14/07/2010,3.1925,-1.77
13/07/2010,3.2499,-0.04
12/07/2010,3.2511,1.2
09/07/2010,3.2124,-0.42
08/07/2010,3.2259,-1.8
07/07/2010,3.2851,0.66
06/07/2010,3.2636,-0.57
05/07/2010,3.2824,-0.99
02/07/2010,3.3152,-1.84
01/07/2010,3.3773,-0.51
30/06/2010,3.3946,-0.62
29/06/2010,3.4157,2.67
28/06/2010,3.327,-1.11
25/06/2010,3.3643,1.05
24/06/2010,3.3295,0.73
23/06/2010,3.3054,0.43
22/06/2010,3.2912,1.38
21/06/2010,3.2463,-1.22
18/06/2010,3.2864,-0.7
17/06/2010,3.3095,0.09
16/06/2010,3.3064,-1
15/06/2010,3.3397,0.02
14/06/2010,3.339,-1.1
11/06/2010,3.3761,-1.57
10/06/2010,3.4301,-0.61
09/06/2010,3.4513,-0.74
08/06/2010,3.4772,-0.41
07/06/2010,3.4916,4.1
04/06/2010,3.3542,-0.18
02/06/2010,3.3601,-1.04
01/06/2010,3.3953,2.48
31/05/2010,3.3132,1.8
28/05/2010,3.2545,-2.68
27/05/2010,3.344,-0.24
26/05/2010,3.352,-1.96
25/05/2010,3.419,3.46
24/05/2010,3.3047,-0.29
21/05/2010,3.3143,-0.08
20/05/2010,3.3171,-1.26
19/05/2010,3.3595,4.06
18/05/2010,3.2284,-1.48
17/05/2010,3.277,2.86
14/05/2010,3.186,1.23
13/05/2010,3.1473,0.37
12/05/2010,3.1356,-1.67
11/05/2010,3.1888,3.98
10/05/2010,3.0667,-6.53
07/05/2010,3.2808,3.16
06/05/2010,3.1802,2.54
05/05/2010,3.1014,3.63
04/05/2010,2.9928,2.13
30/04/2010,2.9305,-0.97
29/04/2010,2.9591,-1.49
28/04/2010,3.0038,3.02
27/04/2010,2.9158,0.31
26/04/2010,2.9068,-0.27
23/04/2010,2.9148,1.13
22/04/2010,2.8822,0.11
21/04/2010,2.879,-0.27
20/04/2010,2.8868,-0.49
19/04/2010,2.9009,1.53
16/04/2010,2.8573,0.29
15/04/2010,2.8491,0.59
14/04/2010,2.8325,-0.95
13/04/2010,2.8596,0.79
12/04/2010,2.8373,-0.91
09/04/2010,2.8634,-1.18
08/04/2010,2.8975,1.05
07/04/2010,2.8675,0.2
06/04/2010,2.8618,0.68
02/04/2010,2.8426,-0.28
01/04/2010,2.8506,-0.75
31/03/2010,2.872,-0.1
30/03/2010,2.8748,-0.4
29/03/2010,2.8864,-0.68
26/03/2010,2.9062,-0.35
25/03/2010,2.9163,0.65
24/03/2010,2.8975,0.59
23/03/2010,2.8804,-0.51
22/03/2010,2.8953,0.98
19/03/2010,2.8673,1.37
18/03/2010,2.8285,0.72
17/03/2010,2.8083,-1.09
16/03/2010,2.8393,-0.2
15/03/2010,2.8449,0.48
12/03/2010,2.8312,-0.87
11/03/2010,2.8561,0.11
10/03/2010,2.8531,-0.16
09/03/2010,2.8577,0.72
08/03/2010,2.8372,-0.69
05/03/2010,2.8568,-0.36
04/03/2010,2.867,-0.39
03/03/2010,2.8782,-1.27
02/03/2010,2.9152,0.9
01/03/2010,2.8891,-1.23
26/02/2010,2.9251,-1.18
25/02/2010,2.9601,0.1
24/02/2010,2.957,1.83
23/02/2010,2.904,-0.43
22/02/2010,2.9166,-1.66
19/02/2010,2.9658,1.05
18/02/2010,2.935,1.18
17/02/2010,2.9007,-1.43
16/02/2010,2.9428,-0.41
15/02/2010,2.9548,0.41
12/02/2010,2.9428,-0.25
11/02/2010,2.9503,0.14
10/02/2010,2.9463,-0.71
09/02/2010,2.9673,-0.75
08/02/2010,2.9896,-0.06
05/02/2010,2.9915,2.9
04/02/2010,2.9071,2.65
03/02/2010,2.8321,-0.99
02/02/2010,2.8603,-0.64
01/02/2010,2.8787,-1.02
29/01/2010,2.9083,0.44
28/01/2010,2.8957,-0.43
27/01/2010,2.9082,0.05
26/01/2010,2.9068,1.32
25/01/2010,2.8688,-0.34
22/01/2010,2.8785,-0.49
21/01/2010,2.8928,2.23
20/01/2010,2.8296,1.15
19/01/2010,2.7974,-0.24
18/01/2010,2.8042,0.25
15/01/2010,2.7973,0.15
14/01/2010,2.793,-0.28
13/01/2010,2.8009,-0.56
12/01/2010,2.8167,0.66
11/01/2010,2.7983,-2.44
08/01/2010,2.8683,0.18
07/01/2010,2.8631,0.48
06/01/2010,2.8493,0.81
05/01/2010,2.8264,-0.71
04/01/2010,2.8465,-0.13
31/12/2009,2.8503,-0.77
30/12/2009,2.8725,-0.23
29/12/2009,2.8791,-0.41
28/12/2009,2.891,-0.16
24/12/2009,2.8955,-1.15
23/12/2009,2.9293,0.21
22/12/2009,2.9232,-0.12
21/12/2009,2.9268,0.79
18/12/2009,2.9038,-0.23
17/12/2009,2.9105,0.74
16/12/2009,2.8891,0.89
15/12/2009,2.8635,1.37
14/12/2009,2.8248,0.71
11/12/2009,2.805,-0.42
10/12/2009,2.8168,0.72
09/12/2009,2.7966,1.94
08/12/2009,2.7435,-0.16
07/12/2009,2.7479,1.15
04/12/2009,2.7166,0.27
03/12/2009,2.7093,-0.34
02/12/2009,2.7185,-0.76
01/12/2009,2.7392,-0.53
30/11/2009,2.7538,-1.83
27/11/2009,2.8051,2.29
26/11/2009,2.7422,0.21
25/11/2009,2.7364,-0.81
24/11/2009,2.7588,0.26
23/11/2009,2.7517,-1.28
20/11/2009,2.7875,0.38
19/11/2009,2.777,1.47
18/11/2009,2.7367,-0.18
17/11/2009,2.7415,0.05
16/11/2009,2.74,-0.84
13/11/2009,2.7631,-0.3
12/11/2009,2.7715,-1.13
10/11/2009,2.8031,-0.58
09/11/2009,2.8195,-1.02
06/11/2009,2.8485,-0.94
05/11/2009,2.8754,-0.53
04/11/2009,2.8908,-0.98
03/11/2009,2.9195,1.49
02/11/2009,2.8767,0.6
30/10/2009,2.8595,-0.87
29/10/2009,2.8847,0.24
28/10/2009,2.8779,1.94
27/10/2009,2.823,1.73
26/10/2009,2.775,-0.24
23/10/2009,2.7816,-0.81
22/10/2009,2.8044,0.98
21/10/2009,2.7772,-0.52
20/10/2009,2.7916,-0.7
19/10/2009,2.8113,-0.48
16/10/2009,2.8248,0.62
15/10/2009,2.8075,-0.62
14/10/2009,2.8251,-0.99
13/10/2009,2.8534,-1.39
12/10/2009,2.8937,-0.08
09/10/2009,2.896,1.05
08/10/2009,2.8659,0.64
07/10/2009,2.8477,0.36
06/10/2009,2.8374,-1.65
05/10/2009,2.8851,-1.32
02/10/2009,2.9237,0.96
01/10/2009,2.896,0.37
30/09/2009,2.8852,0.22
29/09/2009,2.879,-0.37
28/09/2009,2.8896,0.74
25/09/2009,2.8684,1.32
24/09/2009,2.8309,0.34
23/09/2009,2.8214,0.43
22/09/2009,2.8094,-0.71
21/09/2009,2.8295,0.24
18/09/2009,2.8228,0.93
17/09/2009,2.7969,-0.96
16/09/2009,2.8239,-0.96
15/09/2009,2.8514,-2.29
14/09/2009,2.9183,1.77
11/09/2009,2.8675,0.08
10/09/2009,2.8651,1.02
09/09/2009,2.8363,-0.14
08/09/2009,2.8403,-1.23
07/09/2009,2.8757,-0.4
04/09/2009,2.8872,-0.22
03/09/2009,2.8936,-1.58
02/09/2009,2.9401,2.81
01/09/2009,2.8598,-0.27
31/08/2009,2.8675,0.76
28/08/2009,2.846,-1.78
27/08/2009,2.8975,1.46
26/08/2009,2.8558,-0.54
25/08/2009,2.8714,-0.27
24/08/2009,2.8791,-0.2
21/08/2009,2.8848,-0.77
20/08/2009,2.9073,-1.93
19/08/2009,2.9645,0.24
18/08/2009,2.9575,-0.43
17/08/2009,2.9703,2.99
14/08/2009,2.884,-0.25
13/08/2009,2.8912,-2.96
12/08/2009,2.9795,2.16
11/08/2009,2.9165,0.84
10/08/2009,2.8921,-0.34
07/08/2009,2.9021,1.02
06/08/2009,2.8728,0.63
05/08/2009,2.8547,0.29
04/08/2009,2.8465,-1.31
03/08/2009,2.8843,-2.31
31/07/2009,2.9525,-0.71
30/07/2009,2.9737,0.35
29/07/2009,2.9632,1.35
28/07/2009,2.9237,0.02
27/07/2009,2.923,-1.46
24/07/2009,2.9663,-0.56
23/07/2009,2.983,-0.87
22/07/2009,3.0091,0.23
21/07/2009,3.0023,-0.7
20/07/2009,3.0236,-1.29
17/07/2009,3.063,0.34
16/07/2009,3.0527,-0.1
15/07/2009,3.0557,-1.93
14/07/2009,3.1158,-1.4
13/07/2009,3.16,0.56
10/07/2009,3.1425,0.65
09/07/2009,3.1222,-1.98
08/07/2009,3.1852,1.77
07/07/2009,3.1298,-0.59
06/07/2009,3.1483,0.79
03/07/2009,3.1236,0.72
02/07/2009,3.1013,-1.15
01/07/2009,3.1375,-1.13
30/06/2009,3.1733,-1.09
29/06/2009,3.2084,-0.08
26/06/2009,3.211,-0.73
25/06/2009,3.2345,0.25
24/06/2009,3.2265,-1.46
23/06/2009,3.2742,0.79
22/06/2009,3.2485,-0.72
19/06/2009,3.272,0.13
18/06/2009,3.2679,0.38
17/06/2009,3.2556,-0.43
16/06/2009,3.2698,0.81
15/06/2009,3.2434,2.22
12/06/2009,3.173,0.1
10/06/2009,3.1698,-2.12
09/06/2009,3.2385,-0.98
08/06/2009,3.2706,2.26
05/06/2009,3.1983,0.94
04/06/2009,3.1685,0.5
03/06/2009,3.1528,-0.82
02/06/2009,3.1789,1.73
01/06/2009,3.1248,-1.77
29/05/2009,3.1812,-1.87
28/05/2009,3.2418,2.22
27/05/2009,3.1714,-0.73
26/05/2009,3.1948,1.17
25/05/2009,3.1578,0.11
22/05/2009,3.1543,-1.58
21/05/2009,3.2049,0.45
20/05/2009,3.1907,-0.73
19/05/2009,3.2141,-3.43
18/05/2009,3.3281,0.92
15/05/2009,3.2979,0.25
14/05/2009,3.2898,2.56
13/05/2009,3.2078,-0.53
12/05/2009,3.225,0.33
11/05/2009,3.2145,-0.85
08/05/2009,3.2419,-0.65
07/05/2009,3.2632,-1.07
06/05/2009,3.2985,1.34
05/05/2009,3.2548,-1.52
04/05/2009,3.3049,0.58
30/04/2009,3.2859,-2.44
29/04/2009,3.368,-4.07
28/04/2009,3.5108,1.89
27/04/2009,3.4456,1.91
24/04/2009,3.381,-0.15
23/04/2009,3.3862,-1
22/04/2009,3.4205,0.03
21/04/2009,3.4196,1.77
20/04/2009,3.36,2.55
17/04/2009,3.2764,0.42
16/04/2009,3.2628,2.13
15/04/2009,3.1946,-3.25
14/04/2009,3.3019,-0.62
10/04/2009,3.3225,-0.49
09/04/2009,3.3388,-2.2
08/04/2009,3.414,0.92
07/04/2009,3.3828,3.72
06/04/2009,3.2615,-1.4
03/04/2009,3.3078,-2.15
02/04/2009,3.3805,-4.02
01/04/2009,3.5222,-0.55
31/03/2009,3.5416,-1.01
30/03/2009,3.5779,5.07
27/03/2009,3.4054,1.34
26/03/2009,3.3605,-0.53
25/03/2009,3.3784,1.36
24/03/2009,3.333,-0.61
23/03/2009,3.3533,-1.2
20/03/2009,3.3942,0.85
19/03/2009,3.3657,-3.21
18/03/2009,3.4774,1.17
17/03/2009,3.4373,-0.73
16/03/2009,3.4625,-0.28
13/03/2009,3.4721,-3.83
12/03/2009,3.6105,-0.65
11/03/2009,3.6342,-2.5
10/03/2009,3.7273,-0.49
09/03/2009,3.7458,0.06
06/03/2009,3.7436,0.21
05/03/2009,3.7358,-1.45
04/03/2009,3.7906,0.91
03/03/2009,3.7563,-0.29
02/03/2009,3.7674,2.49
27/02/2009,3.6758,-0.3
26/02/2009,3.6869,1.53
25/02/2009,3.6312,-0.79
24/02/2009,3.6602,0.03
23/02/2009,3.6592,-3.25
20/02/2009,3.7823,2.36
19/02/2009,3.6952,-5.2
18/02/2009,3.8978,1.94
17/02/2009,3.8238,2.35
16/02/2009,3.736,3.93
13/02/2009,3.5949,0.53
12/02/2009,3.5761,2.22
11/02/2009,3.4983,0.95
10/02/2009,3.4653,-1.46
09/02/2009,3.5165,-1.12
06/02/2009,3.5564,-1.52
05/02/2009,3.6112,0.12
04/02/2009,3.607,2.38
03/02/2009,3.523,1.15
02/02/2009,3.4828,0.77
30/01/2009,3.4561,2.7
29/01/2009,3.3653,2
28/01/2009,3.2992,1.36
27/01/2009,3.2549,-4.02
26/01/2009,3.3911,-1.36
23/01/2009,3.438,4.11
22/01/2009,3.3024,-1.33
21/01/2009,3.3468,0.26
20/01/2009,3.3381,2.8
19/01/2009,3.2473,3.57
16/01/2009,3.1353,-2.36
15/01/2009,3.211,2.6
14/01/2009,3.1296,0.43
13/01/2009,3.1162,3.24
12/01/2009,3.0183,2.14
09/01/2009,2.9551,-0.03
08/01/2009,2.9561,2.49
07/01/2009,2.8844,-4.53
06/01/2009,3.0214,0.42
05/01/2009,3.0088,0.6
02/01/2009,2.991,0.99
31/12/2008,2.9618,1.88
30/12/2008,2.9072,-0.75
29/12/2008,2.9293,-0.07
24/12/2008,2.9313,-0.55
23/12/2008,2.9476,1.36
22/12/2008,2.9081,-0.17
19/12/2008,2.913,2.34
18/12/2008,2.8463,-1.68
17/12/2008,2.8948,-2.48
16/12/2008,2.9683,0.41
15/12/2008,2.9561,-0.5
12/12/2008,2.9709,-1.81
11/12/2008,3.0257,-1.15
10/12/2008,3.061,0.2
09/12/2008,3.0548,1.71
08/12/2008,3.0035,-1.45
05/12/2008,3.0476,-1.07
04/12/2008,3.0805,1.11
03/12/2008,3.0468,0.24
02/12/2008,3.0394,0.18
01/12/2008,3.0338,3.91
28/11/2008,2.9196,0.51
27/11/2008,2.9047,-0.51
26/11/2008,2.9197,-2.32
25/11/2008,2.9891,-2.83
24/11/2008,3.0762,2.03
21/11/2008,3.0151,-2.25
20/11/2008,3.0845,1.12
19/11/2008,3.0502,-0.53
18/11/2008,3.0665,4.21
17/11/2008,2.9426,-0.11
14/11/2008,2.9457,-1.95
13/11/2008,3.0042,-0.08
12/11/2008,3.0065,6.12
10/11/2008,2.8332,-0.34
07/11/2008,2.8428,3.11
06/11/2008,2.7571,0.97
05/11/2008,2.7306,-2.29
04/11/2008,2.7946,0.88
03/11/2008,2.7703,-2.7
31/10/2008,2.8472,4.29
30/10/2008,2.73,-4.06
29/10/2008,2.8454,-4.24
28/10/2008,2.9714,-3.6
27/10/2008,3.0823,-1.53
24/10/2008,3.1303,5.09
23/10/2008,2.9788,3.39
22/10/2008,2.8812,5.93
21/10/2008,2.7199,3.21
20/10/2008,2.6354,-0.58
17/10/2008,2.6509,0.47
16/10/2008,2.6385,1.49
15/10/2008,2.5998,1.35
14/10/2008,2.5652,-1.45
13/10/2008,2.6029,-0.33
10/10/2008,2.6115,5.15
09/10/2008,2.4835,-3.17
08/10/2008,2.5648,0.77
07/10/2008,2.5451,0.63
06/10/2008,2.5291,2.49
03/10/2008,2.4676,0.84
02/10/2008,2.447,2.41
01/10/2008,2.3895,0.79
30/09/2008,2.3708,0.28
29/09/2008,2.3641,2.85
26/09/2008,2.2985,1.42
25/09/2008,2.2663,0.59
24/09/2008,2.2531,0.17
23/09/2008,2.2492,0.05
22/09/2008,2.248,-3.85
19/09/2008,2.3381,-0.2
18/09/2008,2.3428,-0.19
17/09/2008,2.3472,-1.22
16/09/2008,2.3763,0.73
15/09/2008,2.3591,-0.85
12/09/2008,2.3793,-2.91
11/09/2008,2.4505,0.02
10/09/2008,2.45,-0.05
09/09/2008,2.4513,0.78
08/09/2008,2.4324,0.95
05/09/2008,2.4094,3.57
04/09/2008,2.3263,-0.42
03/09/2008,2.336,0.98
02/09/2008,2.3133,1.51
01/09/2008,2.279,0.44
29/08/2008,2.2691,0.01
28/08/2008,2.2688,0.37
27/08/2008,2.2605,-0.3
26/08/2008,2.2674,0.91
25/08/2008,2.247,1.03
22/08/2008,2.224,-0.85
21/08/2008,2.243,0.01
20/08/2008,2.2427,-1.39
19/08/2008,2.2744,0.53
18/08/2008,2.2625,1.76
14/08/2008,2.2233,1.45
13/08/2008,2.1915,-0.74
12/08/2008,2.2078,2.12
11/08/2008,2.162,0.58
08/08/2008,2.1495,2.48
07/08/2008,2.0975,0.48
06/08/2008,2.0875,0.47
05/08/2008,2.0777,0.86
04/08/2008,2.06,-0.31
01/08/2008,2.0665,0.76
31/07/2008,2.0509,-0.15
30/07/2008,2.0539,0.22
29/07/2008,2.0494,0.46
28/07/2008,2.04,-0.1
25/07/2008,2.042,-1.14
24/07/2008,2.0655,-0.31
23/07/2008,2.072,2.4
22/07/2008,2.0235,0.07
21/07/2008,2.022,-0.44
18/07/2008,2.0309,-0.11
17/07/2008,2.0331,0.27
16/07/2008,2.0276,-0.63
15/07/2008,2.0405,-0.6
14/07/2008,2.0529,-0.87
11/07/2008,2.071,-0.64
10/07/2008,2.0843,-0.54
09/07/2008,2.0956,-0.28
08/07/2008,2.1015,-0.84
07/07/2008,2.1193,-0.03
04/07/2008,2.1199,0.28
03/07/2008,2.114,-0.39
02/07/2008,2.1222,-0.33
01/07/2008,2.1293,0.47
30/06/2008,2.1194,-0.81
27/06/2008,2.1366,-0.25
26/06/2008,2.142,-0.55
25/06/2008,2.1538,-0.31
24/06/2008,2.1605,-0.35
23/06/2008,2.1681,0.26
20/06/2008,2.1625,-0.49
19/06/2008,2.1731,-0.34
18/06/2008,2.1805,-0.14
17/06/2008,2.1835,-0.48
16/06/2008,2.1941,-0.43
13/06/2008,2.2035,0.43
12/06/2008,2.1941,0.71
11/06/2008,2.1787,0.15
10/06/2008,2.1755,1.44
09/06/2008,2.1447,-1.29
06/06/2008,2.1727,-0.54
05/06/2008,2.1845,0.01
04/06/2008,2.1843,1.07
03/06/2008,2.1611,-0.64
02/06/2008,2.175,0
