Data,Kurs Å›redni,Zmiana
11/07/2023,4.4426,-0.29
10/07/2023,4.4553,-0.56
07/07/2023,4.4803,0.11
06/07/2023,4.4754,0.58
05/07/2023,4.4498,0.51
04/07/2023,4.4273,-0.11
03/07/2023,4.4321,-0.41
30/06/2023,4.4503,-0.15
29/06/2023,4.4568,-0.07
28/06/2023,4.46,0.71
27/06/2023,4.4286,-0.02
26/06/2023,4.4297,-0.16
23/06/2023,4.4367,0.07
22/06/2023,4.4335,-0.16
21/06/2023,4.4408,0.05
20/06/2023,4.4386,-0.16
19/06/2023,4.4457,-0.28
16/06/2023,4.4583,-0.11
15/06/2023,4.4633,-0.18
14/06/2023,4.4715,-0.15
13/06/2023,4.4783,0.94
12/06/2023,4.4366,-0.78
09/06/2023,4.4717,-0.16
07/06/2023,4.479,-0.25
06/06/2023,4.4902,0.11
05/06/2023,4.4851,-0.66
02/06/2023,4.5148,-0.36
01/06/2023,4.5312,-0.14
31/05/2023,4.5376,0.34
30/05/2023,4.522,-0.16
29/05/2023,4.5294,0.11
26/05/2023,4.5242,0.47
25/05/2023,4.503,0.51
24/05/2023,4.4803,-0.4
23/05/2023,4.4981,-0.64
22/05/2023,4.5269,-0.22
19/05/2023,4.5367,0.03
18/05/2023,4.5355,0.91
17/05/2023,4.4945,0.09
16/05/2023,4.4904,-0.43
15/05/2023,4.5096,-0.77
12/05/2023,4.5444,0.41
11/05/2023,4.5259,-0.5
10/05/2023,4.5488,-0.43
09/05/2023,4.5683,0.03
08/05/2023,4.5671,-0.47
05/05/2023,4.5885,0.04
04/05/2023,4.5868,-0.05
02/05/2023,4.5892,0.01
28/04/2023,4.5889,-0.06
27/04/2023,4.5915,0.06
26/04/2023,4.5887,-0.2
25/04/2023,4.598,-0.32
24/04/2023,4.6129,0.2
21/04/2023,4.6039,-0.15
20/04/2023,4.6109,-0.37
19/04/2023,4.6278,-0.02
18/04/2023,4.6286,-0.12
17/04/2023,4.6341,-0.33
14/04/2023,4.6494,-0.04
13/04/2023,4.6511,-0.32
12/04/2023,4.666,-0.32
11/04/2023,4.681,-0.11
07/04/2023,4.6862,-0.09
06/04/2023,4.6902,0.21
05/04/2023,4.6803,0.04
04/04/2023,4.6785,-0.04
03/04/2023,4.6805,0.11
31/03/2023,4.6755,-0.1
30/03/2023,4.6801,-0.1
29/03/2023,4.685,0.07
28/03/2023,4.6816,-0.09
27/03/2023,4.6856,-0.12
24/03/2023,4.6911,0.2
23/03/2023,4.6817,-0.15
22/03/2023,4.6888,-0.2
21/03/2023,4.6981,-0.27
20/03/2023,4.7109,0.1
17/03/2023,4.7062,0.18
16/03/2023,4.6978,-0.08
15/03/2023,4.7015,0.23
14/03/2023,4.6909,0.13
13/03/2023,4.6848,0.02
10/03/2023,4.6838,0
09/03/2023,4.6836,-0.39
08/03/2023,4.7018,0.31
07/03/2023,4.6871,-0.43
06/03/2023,4.7073,0.06
03/03/2023,4.7046,0.63
02/03/2023,4.675,-0.37
01/03/2023,4.6925,-0.52
28/02/2023,4.717,0.02
27/02/2023,4.7162,-0.18
24/02/2023,4.7245,-0.59
23/02/2023,4.7525,-0.03
22/02/2023,4.7538,0.15
21/02/2023,4.7469,-0.15
20/02/2023,4.7542,-0.43
17/02/2023,4.7747,0.04
16/02/2023,4.7728,0.28
15/02/2023,4.7593,-0.53
14/02/2023,4.7847,-0.1
13/02/2023,4.7895,0.38
10/02/2023,4.7716,0.75
09/02/2023,4.7363,-0.08
08/02/2023,4.7402,-0.16
07/02/2023,4.7476,0.6
06/02/2023,4.7195,0.59
03/02/2023,4.692,-0.34
02/02/2023,4.7079,0
01/02/2023,4.708,-0.02
31/01/2023,4.7089,-0.15
30/01/2023,4.716,0.18
27/01/2023,4.7076,-0.35
26/01/2023,4.7239,0.34
25/01/2023,4.7079,0.01
24/01/2023,4.7073,-0.24
23/01/2023,4.7186,0.1
20/01/2023,4.7137,0.18
19/01/2023,4.7053,-0.08
18/01/2023,4.7091,0.31
17/01/2023,4.6946,-0.12
16/01/2023,4.7004,0.19
13/01/2023,4.6915,0.06
12/01/2023,4.6888,0.04
11/01/2023,4.6871,-0.23
10/01/2023,4.6981,0.02
09/01/2023,4.697,0.56
05/01/2023,4.6709,0.04
04/01/2023,4.6688,-0.24
03/01/2023,4.68,0.03
02/01/2023,4.6784,-0.25
30/12/2022,4.6899,-0.15
29/12/2022,4.6969,0.07
28/12/2022,4.6938,0.82
27/12/2022,4.6558,0.42
23/12/2022,4.6364,-0.4
22/12/2022,4.6551,-0.21
21/12/2022,4.6648,-0.33
20/12/2022,4.6804,-0.17
19/12/2022,4.6886,-0.1
16/12/2022,4.6934,0.19
15/12/2022,4.6843,-0.09
14/12/2022,4.6886,-0.13
13/12/2022,4.6945,0.07
12/12/2022,4.6912,0.19
09/12/2022,4.6821,-0.33
08/12/2022,4.6976,0.02
07/12/2022,4.6968,-0.06
06/12/2022,4.6995,0.21
05/12/2022,4.6898,0.1
02/12/2022,4.685,-0.09
01/12/2022,4.6892,0.45
30/11/2022,4.6684,-0.28
29/11/2022,4.6813,-0.05
28/11/2022,4.6835,-0.1
25/11/2022,4.6884,-0.23
24/11/2022,4.6993,0.07
23/11/2022,4.6958,-0.25
22/11/2022,4.7075,0.09
21/11/2022,4.7035,-0.07
18/11/2022,4.7067,0.06
17/11/2022,4.7039,0.21
16/11/2022,4.6942,-0.09
15/11/2022,4.6985,0.41
14/11/2022,4.6794,-0.75
10/11/2022,4.7146,0.23
09/11/2022,4.7037,0.27
08/11/2022,4.6912,0.12
07/11/2022,4.6858,-0.09
04/11/2022,4.6898,-0.43
03/11/2022,4.7101,0.13
02/11/2022,4.7039,-0.11
31/10/2022,4.7089,-0.23
28/10/2022,4.7199,-0.64
27/10/2022,4.7504,-0.46
26/10/2022,4.7723,-0.17
25/10/2022,4.7805,-0.13
24/10/2022,4.7866,0.13
21/10/2022,4.7804,-0.31
20/10/2022,4.7955,-0.09
19/10/2022,4.7997,-0.2
18/10/2022,4.8092,-0.28
17/10/2022,4.8229,-0.21
14/10/2022,4.833,-0.28
13/10/2022,4.8468,-0.14
12/10/2022,4.8536,-0.36
11/10/2022,4.8711,0.07
10/10/2022,4.8677,0.15
07/10/2022,4.8606,0.33
06/10/2022,4.8445,0.66
05/10/2022,4.8128,0.25
04/10/2022,4.8007,-0.55
03/10/2022,4.8272,-0.87
30/09/2022,4.8698,0.13
29/09/2022,4.8637,1.02
28/09/2022,4.8147,1.12
27/09/2022,4.7616,0.11
26/09/2022,4.7566,-0.05
23/09/2022,4.7591,-0.35
22/09/2022,4.7758,0.65
21/09/2022,4.7449,0.6
20/09/2022,4.7165,0.05
19/09/2022,4.7142,-0.07
16/09/2022,4.7176,0.03
15/09/2022,4.7164,-0.07
14/09/2022,4.7195,0.24
13/09/2022,4.7082,-0.07
12/09/2022,4.7113,0.03
09/09/2022,4.7098,-0.31
08/09/2022,4.7244,0.23
07/09/2022,4.7137,-0.07
06/09/2022,4.7168,-0.2
05/09/2022,4.7263,0.25
02/09/2022,4.7144,0.02
01/09/2022,4.7133,-0.28
31/08/2022,4.7265,-0.13
30/08/2022,4.7328,-0.42
29/08/2022,4.7529,0.24
26/08/2022,4.7413,-0.36
25/08/2022,4.7584,-0.39
24/08/2022,4.7772,0.14
23/08/2022,4.7706,0.45
22/08/2022,4.7493,0.03
19/08/2022,4.748,0.5
18/08/2022,4.7244,0.69
17/08/2022,4.6921,-0.01
16/08/2022,4.6928,0.2
12/08/2022,4.6832,0.19
11/08/2022,4.6745,-0.83
10/08/2022,4.7138,0.25
09/08/2022,4.7021,0.02
08/08/2022,4.7013,-0.09
05/08/2022,4.7053,-0.37
04/08/2022,4.723,0.42
03/08/2022,4.7032,-0.13
02/08/2022,4.7092,-0.81
01/08/2022,4.7475,0.16
29/07/2022,4.7399,-1.2
28/07/2022,4.7973,0.34
27/07/2022,4.7811,1.33
26/07/2022,4.7183,-0.03
25/07/2022,4.7196,-0.94
22/07/2022,4.7643,0.14
21/07/2022,4.7578,-0.05
20/07/2022,4.7603,-0.27
19/07/2022,4.7731,-0.08
18/07/2022,4.777,-0.72
15/07/2022,4.8115,-0.53
14/07/2022,4.8371,-0.06
13/07/2022,4.8399,0.13
12/07/2022,4.8337,0.75
11/07/2022,4.7976,0.04
08/07/2022,4.7958,-0.01
07/07/2022,4.7965,0.05
06/07/2022,4.7942,1.23
05/07/2022,4.7358,0.76
04/07/2022,4.7002,-0.37
01/07/2022,4.7176,0.79
30/06/2022,4.6806,-0.01
29/06/2022,4.6809,-0.41
28/06/2022,4.7004,0.08
27/06/2022,4.6965,-0.27
24/06/2022,4.7094,0
23/06/2022,4.7096,1.09
22/06/2022,4.659,0.28
21/06/2022,4.646,-0.58
20/06/2022,4.6731,-0.47
17/06/2022,4.6951,0.66
15/06/2022,4.6642,0.2
14/06/2022,4.6548,0.51
13/06/2022,4.6313,0.61
10/06/2022,4.603,0.45
09/06/2022,4.5826,0.02
08/06/2022,4.5817,-0.08
07/06/2022,4.5855,-0.05
06/06/2022,4.588,-0.06
03/06/2022,4.5908,0.07
02/06/2022,4.5876,-0.03
01/06/2022,4.5891,0.3
31/05/2022,4.5756,-0.25
30/05/2022,4.5869,-0.51
27/05/2022,4.6102,-0.07
26/05/2022,4.6135,0.39
25/05/2022,4.5955,-0.33
24/05/2022,4.6107,-0.14
23/05/2022,4.6171,-0.42
20/05/2022,4.6366,-0.14
19/05/2022,4.6429,-0.21
18/05/2022,4.6528,-0.06
17/05/2022,4.6558,-0.36
16/05/2022,4.6724,0.1
13/05/2022,4.6679,-0.35
12/05/2022,4.6841,0.3
11/05/2022,4.67,-0.13
10/05/2022,4.6761,-0.63
09/05/2022,4.7059,0.17
06/05/2022,4.6979,0.69
05/05/2022,4.6658,-0.25
04/05/2022,4.6777,-0.06
02/05/2022,4.6806,0.48
29/04/2022,4.6582,-0.71
28/04/2022,4.6915,-0.34
27/04/2022,4.7076,1.39
26/04/2022,4.6429,0.05
25/04/2022,4.6405,0.09
22/04/2022,4.6361,-0.35
21/04/2022,4.6523,0.49
20/04/2022,4.6295,-0.14
19/04/2022,4.6361,-0.04
15/04/2022,4.6378,-0.15
14/04/2022,4.6447,-0.03
13/04/2022,4.646,-0.36
12/04/2022,4.6626,0.38
11/04/2022,4.6451,0.1
08/04/2022,4.6405,-0.16
07/04/2022,4.6478,-0.13
06/04/2022,4.6539,0.48
05/04/2022,4.6317,-0.12
04/04/2022,4.6373,-0.12
01/04/2022,4.6428,-0.21
31/03/2022,4.6525,0.04
30/03/2022,4.6507,-1.35
29/03/2022,4.7144,0.26
28/03/2022,4.702,-0.93
25/03/2022,4.7459,-0.27
24/03/2022,4.7589,1.18
23/03/2022,4.7036,0.13
22/03/2022,4.6975,0.1
21/03/2022,4.693,-0.62
18/03/2022,4.7221,0.74
17/03/2022,4.6876,-0.38
16/03/2022,4.7055,-0.54
15/03/2022,4.7311,-0.32
14/03/2022,4.7465,-0.96
11/03/2022,4.7924,-0.19
10/03/2022,4.8013,-0.86
09/03/2022,4.8429,-1.41
08/03/2022,4.9121,-1.06
07/03/2022,4.9647,2.65
04/03/2022,4.8363,0.9
03/03/2022,4.7931,-0.12
02/03/2022,4.7989,1.58
01/03/2022,4.7241,0.71
28/02/2022,4.6909,0.65
25/02/2022,4.6608,0.7
24/02/2022,4.6284,2.06
23/02/2022,4.5352,-0.14
22/02/2022,4.5416,0.49
21/02/2022,4.5193,-0.14
18/02/2022,4.5256,0.37
17/02/2022,4.5088,0.38
16/02/2022,4.4916,-0.39
15/02/2022,4.5091,-1.43
14/02/2022,4.5743,1.28
11/02/2022,4.5163,0.63
10/02/2022,4.4879,-0.64
09/02/2022,4.5167,-0.24
08/02/2022,4.5274,-0.61
07/02/2022,4.555,0.2
04/02/2022,4.5459,0.04
03/02/2022,4.5439,-0.13
02/02/2022,4.55,-0.7
01/02/2022,4.582,-0.35
31/01/2022,4.5982,0.62
28/01/2022,4.5697,-0.04
27/01/2022,4.5713,-0.45
26/01/2022,4.592,0.22
25/01/2022,4.5821,1.02
24/01/2022,4.5358,0.12
21/01/2022,4.5303,0.23
20/01/2022,4.5201,-0.17
19/01/2022,4.5279,0.01
18/01/2022,4.5275,0.16
17/01/2022,4.5201,-0.38
14/01/2022,4.5372,0.23
13/01/2022,4.527,-0.14
12/01/2022,4.5332,-0.27
11/01/2022,4.5454,0.17
10/01/2022,4.5377,-0.44
07/01/2022,4.5576,-0.21
05/01/2022,4.5672,-0.14
04/01/2022,4.5737,-0.33
03/01/2022,4.5889,-0.23
31/12/2021,4.5994,0.17
30/12/2021,4.5915,-0.18
29/12/2021,4.5997,-0.07
28/12/2021,4.6028,-0.46
27/12/2021,4.6239,-0.03
24/12/2021,4.6252,-0.23
23/12/2021,4.6359,0.25
22/12/2021,4.6244,0.01
21/12/2021,4.6238,-0.31
20/12/2021,4.6381,0.1
17/12/2021,4.6334,0.04
16/12/2021,4.6315,0.22
15/12/2021,4.6214,-0.48
14/12/2021,4.6436,0.5
13/12/2021,4.6204,0.16
10/12/2021,4.6129,-0.21
09/12/2021,4.6226,0.62
08/12/2021,4.5941,-0.11
07/12/2021,4.5991,0.22
06/12/2021,4.5889,-0.1
03/12/2021,4.5934,-0.15
02/12/2021,4.6002,-1.06
01/12/2021,4.6494,-0.73
30/11/2021,4.6834,-0.32
29/11/2021,4.6982,-0.12
26/11/2021,4.7038,0.75
25/11/2021,4.6688,-0.26
24/11/2021,4.6811,-0.76
23/11/2021,4.7171,-0.08
22/11/2021,4.721,0.78
19/11/2021,4.6844,0.54
18/11/2021,4.6592,-0.05
17/11/2021,4.6614,-0.08
16/11/2021,4.6652,0.62
15/11/2021,4.6365,-0.1
12/11/2021,4.6412,0.88
10/11/2021,4.6007,0.14
09/11/2021,4.5942,-0.02
08/11/2021,4.595,-0.25
05/11/2021,4.6065,0.17
04/11/2021,4.5987,-0.03
03/11/2021,4.6,-0.28
02/11/2021,4.6129,-0.17
29/10/2021,4.6208,-0.16
28/10/2021,4.6284,0.26
27/10/2021,4.6165,0.07
26/10/2021,4.6134,0.25
25/10/2021,4.6018,-0.12
22/10/2021,4.6072,0.31
21/10/2021,4.593,0.19
20/10/2021,4.5841,0.27
19/10/2021,4.5717,0
18/10/2021,4.5715,-0.04
15/10/2021,4.5733,-0.08
14/10/2021,4.577,-0.08
13/10/2021,4.5806,-0.12
12/10/2021,4.5859,-0.57
11/10/2021,4.612,0.36
08/10/2021,4.5956,1.06
07/10/2021,4.5472,-1.58
06/10/2021,4.6203,0.37
05/10/2021,4.6034,0.7
04/10/2021,4.5716,-0.49
01/10/2021,4.5941,-0.84
30/09/2021,4.6329,0.09
29/09/2021,4.6287,0.21
28/09/2021,4.6192,0.61
27/09/2021,4.5912,-0.38
24/09/2021,4.6085,0.16
23/09/2021,4.6012,-0.64
22/09/2021,4.6308,0.33
21/09/2021,4.6154,0.34
20/09/2021,4.5999,0.46
17/09/2021,4.5789,0.12
16/09/2021,4.5736,0.51
15/09/2021,4.5502,-0.13
14/09/2021,4.5559,0.38
13/09/2021,4.5386,-0.25
10/09/2021,4.5499,0.41
09/09/2021,4.5315,0.31
08/09/2021,4.5175,-0.01
07/09/2021,4.5181,0.1
06/09/2021,4.5134,0.02
03/09/2021,4.5124,0.13
02/09/2021,4.5067,-0.26
01/09/2021,4.5184,-0.42
31/08/2021,4.5374,-0.69
30/08/2021,4.5691,-0.24
27/08/2021,4.5803,0.1
26/08/2021,4.5758,0.17
25/08/2021,4.5679,-0.37
24/08/2021,4.5848,-0.06
23/08/2021,4.5876,-0.01
20/08/2021,4.588,0.08
19/08/2021,4.5843,0.65
18/08/2021,4.5547,-0.32
17/08/2021,4.5691,0.09
16/08/2021,4.5651,-0.15
13/08/2021,4.5718,-0.4
12/08/2021,4.59,0.1
11/08/2021,4.5854,0.38
10/08/2021,4.5681,-0.06
09/08/2021,4.5709,0.47
06/08/2021,4.5495,-0.13
05/08/2021,4.5555,0.19
04/08/2021,4.5468,-0.14
03/08/2021,4.5533,-0.17
02/08/2021,4.5611,-0.26
30/07/2021,4.5731,-0.29
29/07/2021,4.5866,-0.19
28/07/2021,4.5955,0
27/07/2021,4.5954,0.21
26/07/2021,4.5858,0.24
23/07/2021,4.5747,-0.06
22/07/2021,4.5773,-0.46
21/07/2021,4.5983,0
20/07/2021,4.5983,0.23
19/07/2021,4.5877,0.03
16/07/2021,4.5865,0.19
15/07/2021,4.5777,-0.28
14/07/2021,4.5904,0.53
13/07/2021,4.5662,0.23
12/07/2021,4.5559,0.2
09/07/2021,4.5467,0.12
08/07/2021,4.5414,0.48
07/07/2021,4.5197,0.36
06/07/2021,4.5036,-0.1
05/07/2021,4.5083,-0.38
02/07/2021,4.5257,0.15
01/07/2021,4.5187,-0.05
30/06/2021,4.5208,0.19
29/06/2021,4.5123,0.07
28/06/2021,4.5092,0.02
25/06/2021,4.5085,-0.48
24/06/2021,4.5302,0.23
23/06/2021,4.52,-0.37
22/06/2021,4.5366,-0.17
21/06/2021,4.5442,-0.13
18/06/2021,4.5503,0.43
17/06/2021,4.5309,0.05
16/06/2021,4.5285,-0.05
15/06/2021,4.5306,0.62
14/06/2021,4.5027,0.68
11/06/2021,4.4723,-0.17
10/06/2021,4.48,0.58
09/06/2021,4.4541,-0.3
08/06/2021,4.4674,0.21
07/06/2021,4.4581,-0.34
04/06/2021,4.4734,0.18
02/06/2021,4.4654,-0.21
01/06/2021,4.4749,-0.12
31/05/2021,4.4805,-0.09
28/05/2021,4.4845,-0.3
27/05/2021,4.498,0.15
26/05/2021,4.4914,0.24
25/05/2021,4.4806,-0.16
24/05/2021,4.4877,-0.18
21/05/2021,4.4958,-0.51
20/05/2021,4.5189,-0.26
19/05/2021,4.5306,0.08
18/05/2021,4.5272,-0.06
17/05/2021,4.5298,-0.04
14/05/2021,4.5316,-0.29
13/05/2021,4.5447,-0.01
12/05/2021,4.5453,-0.38
11/05/2021,4.5628,-0.01
10/05/2021,4.5631,-0.29
07/05/2021,4.5764,-0.14
06/05/2021,4.5829,0.17
05/05/2021,4.5752,0.47
04/05/2021,4.5539,-0.25
30/04/2021,4.5654,-0.28
29/04/2021,4.5782,-0.06
28/04/2021,4.5811,0.43
27/04/2021,4.5613,0.11
26/04/2021,4.5565,-0.18
23/04/2021,4.5649,0.19
22/04/2021,4.5562,-0.01
21/04/2021,4.5567,0.06
20/04/2021,4.5541,0.15
19/04/2021,4.5474,-0.02
16/04/2021,4.5481,-0.14
15/04/2021,4.5546,-0.01
14/04/2021,4.5552,-0.16
13/04/2021,4.5627,0.66
12/04/2021,4.533,-0.18
09/04/2021,4.5414,-0.37
08/04/2021,4.5581,-0.69
07/04/2021,4.5897,-0.31
06/04/2021,4.6041,0.24
02/04/2021,4.5933,-0.66
01/04/2021,4.6239,-0.78
31/03/2021,4.6603,0.18
30/03/2021,4.6519,-0.09
29/03/2021,4.656,0.45
26/03/2021,4.6353,-0.01
25/03/2021,4.6358,0.18
24/03/2021,4.6273,0.43
23/03/2021,4.6073,-0.14
22/03/2021,4.6138,-0.19
19/03/2021,4.6226,0
18/03/2021,4.6224,0.35
17/03/2021,4.6065,0.25
16/03/2021,4.5949,0.25
15/03/2021,4.5836,-0.16
12/03/2021,4.5909,0.23
11/03/2021,4.5805,0.19
10/03/2021,4.5718,-0.27
09/03/2021,4.5844,-0.13
08/03/2021,4.5903,0.24
05/03/2021,4.5793,0.56
04/03/2021,4.554,0.32
03/03/2021,4.5393,0.11
02/03/2021,4.5345,0.25
01/03/2021,4.5231,0.12
26/02/2021,4.5175,0.07
25/02/2021,4.5143,-0.07
24/02/2021,4.5176,0.18
23/02/2021,4.5093,0.29
22/02/2021,4.4963,0.16
19/02/2021,4.4892,0.08
18/02/2021,4.4857,-0.31
17/02/2021,4.4998,0.24
16/02/2021,4.4891,0.12
15/02/2021,4.4836,-0.43
12/02/2021,4.5029,0.01
11/02/2021,4.5023,0.48
10/02/2021,4.4809,0.08
09/02/2021,4.4773,-0.21
08/02/2021,4.4867,-0.25
05/02/2021,4.4978,0.04
04/02/2021,4.4958,0.12
03/02/2021,4.4906,-0.26
02/02/2021,4.5025,-0.25
01/02/2021,4.5137,-0.55
29/01/2021,4.5385,-0.21
28/01/2021,4.5479,0.02
27/01/2021,4.5468,-0.06
26/01/2021,4.5497,0.13
25/01/2021,4.5436,0.18
22/01/2021,4.5354,0.1
21/01/2021,4.531,0.16
20/01/2021,4.5237,-0.23
19/01/2021,4.5342,-0.29
18/01/2021,4.5473,-0.02
15/01/2021,4.548,0.16
14/01/2021,4.5407,0.3
13/01/2021,4.5272,0.1
12/01/2021,4.5228,-0.21
11/01/2021,4.5325,0.3
08/01/2021,4.5189,0.48
07/01/2021,4.4973,-1.04
05/01/2021,4.5446,-0.09
04/01/2021,4.5485,-1.44
31/12/2020,4.6148,1.93
30/12/2020,4.5272,0.49
29/12/2020,4.5051,0.38
28/12/2020,4.4879,-0.45
24/12/2020,4.5084,0.14
23/12/2020,4.5019,-0.11
22/12/2020,4.5069,-0.18
21/12/2020,4.5149,1.47
18/12/2020,4.4493,0.33
17/12/2020,4.4348,0
16/12/2020,4.4347,-0.21
15/12/2020,4.4441,0.02
14/12/2020,4.4432,0.11
11/12/2020,4.4385,0.25
10/12/2020,4.4276,-0.39
09/12/2020,4.4449,-0.71
08/12/2020,4.4767,0.05
07/12/2020,4.4745,0.03
04/12/2020,4.4732,-0.13
03/12/2020,4.4789,0.33
02/12/2020,4.4642,-0.28
01/12/2020,4.4769,-0.02
30/11/2020,4.4779,-0.14
27/11/2020,4.4843,0.23
26/11/2020,4.4742,0.07
25/11/2020,4.471,-0.01
24/11/2020,4.4714,0.08
23/11/2020,4.468,0
20/11/2020,4.4679,-0.27
19/11/2020,4.4799,0.16
18/11/2020,4.4729,-0.5
17/11/2020,4.4953,0.45
16/11/2020,4.4753,-0.46
13/11/2020,4.496,0.21
12/11/2020,4.4868,-0.43
10/11/2020,4.5063,0.43
09/11/2020,4.487,-0.9
06/11/2020,4.5277,0.1
05/11/2020,4.5233,-0.66
04/11/2020,4.5532,-0.37
03/11/2020,4.5699,-0.76
02/11/2020,4.6048,-0.3
30/10/2020,4.6188,-0.31
29/10/2020,4.633,0.31
28/10/2020,4.6189,0.65
27/10/2020,4.589,0.25
26/10/2020,4.5774,0
23/10/2020,4.5772,-0.23
22/10/2020,4.5877,0.02
21/10/2020,4.5869,0.01
20/10/2020,4.5865,0.81
19/10/2020,4.5498,-0.27
16/10/2020,4.5621,0.17
15/10/2020,4.5545,1.29
14/10/2020,4.4963,0.51
13/10/2020,4.4737,-0.14
12/10/2020,4.4798,0.12
09/10/2020,4.4745,-0.35
08/10/2020,4.49,0.15
07/10/2020,4.4832,-0.29
06/10/2020,4.4961,0.04
05/10/2020,4.4944,0.01
02/10/2020,4.494,-0.47
01/10/2020,4.5153,-0.25
30/09/2020,4.5268,-1.23
29/09/2020,4.5834,0.74
28/09/2020,4.5497,0.04
25/09/2020,4.5477,0.45
24/09/2020,4.5272,0.73
23/09/2020,4.4946,-0.24
22/09/2020,4.5055,0.57
21/09/2020,4.48,0.51
18/09/2020,4.4574,0.13
17/09/2020,4.4514,-0.03
16/09/2020,4.4528,0.08
15/09/2020,4.4492,0
14/09/2020,4.449,-0.03
11/09/2020,4.4504,0
10/09/2020,4.4504,-0.1
09/09/2020,4.455,0.2
08/09/2020,4.4461,-0.24
07/09/2020,4.457,0.14
04/09/2020,4.4508,0.74
03/09/2020,4.4181,0.19
02/09/2020,4.4097,0.34
01/09/2020,4.3946,-0.05
31/08/2020,4.3969,-0.17
28/08/2020,4.4043,-0.18
27/08/2020,4.4124,0.21
26/08/2020,4.4032,0.27
25/08/2020,4.3915,-0.34
24/08/2020,4.4064,0.37
21/08/2020,4.3902,-0.2
20/08/2020,4.3991,0.29
19/08/2020,4.3864,-0.2
18/08/2020,4.3953,0.14
17/08/2020,4.3892,-0.22
14/08/2020,4.3988,-0.05
13/08/2020,4.4011,-0.25
12/08/2020,4.4123,0.24
11/08/2020,4.4016,-0.02
10/08/2020,4.4023,-0.26
07/08/2020,4.4139,0.09
06/08/2020,4.4101,0.28
05/08/2020,4.3979,-0.18
04/08/2020,4.406,-0.24
03/08/2020,4.4168,0.22
31/07/2020,4.4072,-0.04
30/07/2020,4.409,-0.24
29/07/2020,4.4194,0.47
28/07/2020,4.3987,-0.08
27/07/2020,4.4023,-0.21
24/07/2020,4.4117,0.02
23/07/2020,4.4108,-0.66
22/07/2020,4.4401,-0.04
21/07/2020,4.4417,-0.6
20/07/2020,4.4683,-0.32
17/07/2020,4.4827,-0.19
16/07/2020,4.4913,0.39
15/07/2020,4.4738,-0.4
14/07/2020,4.4916,0.38
13/07/2020,4.4745,0
10/07/2020,4.4745,0.02
09/07/2020,4.4738,0
08/07/2020,4.4739,0.06
07/07/2020,4.471,0.03
06/07/2020,4.4697,0.06
03/07/2020,4.4671,0.03
02/07/2020,4.4659,0.44
01/07/2020,4.4465,-0.44
30/06/2020,4.466,0.06
29/06/2020,4.4631,0.03
26/06/2020,4.4616,0.27
25/06/2020,4.4495,-0.08
24/06/2020,4.4532,0.33
23/06/2020,4.4386,-0.31
22/06/2020,4.4524,-0.11
19/06/2020,4.4573,0.09
18/06/2020,4.4534,0.07
17/06/2020,4.4503,0.51
16/06/2020,4.4278,-0.28
15/06/2020,4.4403,-0.23
12/06/2020,4.4506,-0.09
10/06/2020,4.4544,0.24
09/06/2020,4.4436,0.33
08/06/2020,4.4291,-0.34
05/06/2020,4.4443,0.22
04/06/2020,4.4347,1.11
03/06/2020,4.3859,-0.1
02/06/2020,4.3902,-0.68
01/06/2020,4.4202,-0.68
29/05/2020,4.4503,0.54
28/05/2020,4.4264,-0.26
27/05/2020,4.4378,-0.94
26/05/2020,4.48,-0.69
25/05/2020,4.5111,-0.27
22/05/2020,4.5234,-0.29
21/05/2020,4.5365,-0.38
20/05/2020,4.554,-0.15
19/05/2020,4.561,-0.07
18/05/2020,4.5644,0.2
15/05/2020,4.5552,-0.31
14/05/2020,4.5693,0.07
13/05/2020,4.5661,0.25
12/05/2020,4.5549,-0.05
11/05/2020,4.5572,-0.01
08/05/2020,4.5577,0.16
07/05/2020,4.5505,0.25
06/05/2020,4.539,-0.19
05/05/2020,4.5476,-0.23
04/05/2020,4.5582,0.35
30/04/2020,4.5424,-0.02
29/04/2020,4.5432,0.07
28/04/2020,4.5399,0.35
27/04/2020,4.524,-0.2
24/04/2020,4.533,-0.25
23/04/2020,4.5444,0.25
22/04/2020,4.5329,0.12
21/04/2020,4.5276,0.22
20/04/2020,4.5175,-0.42
17/04/2020,4.5367,0.09
16/04/2020,4.5326,-0.14
15/04/2020,4.5389,-0.27
14/04/2020,4.5512,0.06
10/04/2020,4.5484,0.25
09/04/2020,4.537,0.02
08/04/2020,4.5362,0.04
07/04/2020,4.5342,-0.59
06/04/2020,4.5612,-0.39
03/04/2020,4.5792,0.05
02/04/2020,4.5769,0.16
01/04/2020,4.5694,0.38
31/03/2020,4.5523,0.28
30/03/2020,4.5395,0.33
27/03/2020,4.5246,-1.56
26/03/2020,4.5962,0.4
25/03/2020,4.5779,-0.58
24/03/2020,4.6044,1.04
23/03/2020,4.5571,0.25
20/03/2020,4.5459,-1
19/03/2020,4.5917,2.48
18/03/2020,4.4806,-0.18
17/03/2020,4.4886,2.22
16/03/2020,4.3911,0.67
13/03/2020,4.3618,0.38
12/03/2020,4.3451,0.66
11/03/2020,4.3167,-0.08
10/03/2020,4.32,0.06
09/03/2020,4.3176,0
06/03/2020,4.3178,0.43
05/03/2020,4.2994,0
04/03/2020,4.2993,-0.42
03/03/2020,4.3173,-0.15
02/03/2020,4.3237,-0.27
28/02/2020,4.3355,0.59
27/02/2020,4.31,0.02
26/02/2020,4.3093,0.23
25/02/2020,4.2996,-0.05
24/02/2020,4.3017,0.43
21/02/2020,4.2831,0.1
20/02/2020,4.2789,0.13
19/02/2020,4.2732,0.04
18/02/2020,4.2714,0.5
17/02/2020,4.2502,0.24
14/02/2020,4.2402,-0.36
13/02/2020,4.2557,-0.1
12/02/2020,4.2599,-0.02
11/02/2020,4.2609,-0.21
10/02/2020,4.2699,0.08
07/02/2020,4.2664,0.3
06/02/2020,4.2535,-0.2
05/02/2020,4.262,-0.58
04/02/2020,4.2867,-0.39
03/02/2020,4.3034,0.06
31/01/2020,4.301,0.46
30/01/2020,4.2813,0.11
29/01/2020,4.2766,-0.07
28/01/2020,4.2794,0.27
27/01/2020,4.2679,0.51
24/01/2020,4.2461,0
23/01/2020,4.2463,0.22
22/01/2020,4.237,-0.21
21/01/2020,4.2459,0.03
20/01/2020,4.2447,0.24
17/01/2020,4.2344,-0.01
16/01/2020,4.2348,0.16
15/01/2020,4.2279,-0.1
14/01/2020,4.2323,-0.07
13/01/2020,4.2353,-0.27
10/01/2020,4.2467,0.02
09/01/2020,4.2459,-0.01
08/01/2020,4.2465,0.28
07/01/2020,4.2347,-0.52
03/01/2020,4.2569,0
02/01/2020,4.2571,-0.03
31/12/2019,4.2585,-0.01
30/12/2019,4.2588,-0.08
27/12/2019,4.2624,0
24/12/2019,4.2624,0.16
23/12/2019,4.2554,-0.12
20/12/2019,4.2604,-0.07
19/12/2019,4.2632,-0.03
18/12/2019,4.2644,0.09
17/12/2019,4.2605,-0.13
16/12/2019,4.2659,-0.21
13/12/2019,4.2747,-0.23
12/12/2019,4.2846,-0.01
11/12/2019,4.2851,-0.07
10/12/2019,4.288,0.12
09/12/2019,4.283,0.26
06/12/2019,4.2721,-0.13
05/12/2019,4.2777,-0.04
04/12/2019,4.2792,-0.25
03/12/2019,4.29,-0.25
02/12/2019,4.3008,-0.53
29/11/2019,4.3236,0.01
28/11/2019,4.323,0.29
27/11/2019,4.3107,0.25
26/11/2019,4.2999,0.02
25/11/2019,4.299,0.03
22/11/2019,4.2975,0.06
21/11/2019,4.2948,0.07
20/11/2019,4.2917,-0.03
19/11/2019,4.2928,0.1
18/11/2019,4.2884,0.18
15/11/2019,4.2807,-0.25
14/11/2019,4.2916,0.15
13/11/2019,4.285,0.14
12/11/2019,4.2788,0.35
08/11/2019,4.2638,-0.04
07/11/2019,4.2653,-0.1
06/11/2019,4.2697,0.15
05/11/2019,4.2631,0.22
04/11/2019,4.2539,-0.18
31/10/2019,4.2617,-0.09
30/10/2019,4.2655,-0.24
29/10/2019,4.2757,0.06
28/10/2019,4.2732,-0.07
25/10/2019,4.2762,-0.09
24/10/2019,4.28,0.05
23/10/2019,4.2778,-0.03
22/10/2019,4.2792,0.04
21/10/2019,4.2775,-0.16
18/10/2019,4.2844,-0.01
17/10/2019,4.2849,-0.28
16/10/2019,4.297,0.05
15/10/2019,4.2949,-0.05
14/10/2019,4.2969,-0.3
11/10/2019,4.3097,-0.28
10/10/2019,4.3217,-0.09
09/10/2019,4.3257,-0.12
08/10/2019,4.331,0.01
07/10/2019,4.3304,-0.02
04/10/2019,4.3311,-0.38
03/10/2019,4.3475,-0.71
02/10/2019,4.3788,0.12
01/10/2019,4.3734,0
30/09/2019,4.3736,-0.3
27/09/2019,4.3866,0.01
26/09/2019,4.3861,0.04
25/09/2019,4.3844,0.11
24/09/2019,4.3796,-0.22
23/09/2019,4.3891,1.04
20/09/2019,4.3438,0.03
19/09/2019,4.3425,0.01
18/09/2019,4.3419,0.02
17/09/2019,4.341,0.34
16/09/2019,4.3262,-0.31
13/09/2019,4.3396,-0.01
12/09/2019,4.34,0.1
11/09/2019,4.3357,0.02
10/09/2019,4.335,-0.05
09/09/2019,4.3373,-0.04
06/09/2019,4.3392,-0.04
05/09/2019,4.3409,0.06
04/09/2019,4.3385,-0.65
03/09/2019,4.3667,-0.05
02/09/2019,4.3691,-0.35
30/08/2019,4.3844,0
29/08/2019,4.3845,-0.03
28/08/2019,4.3857,0.4
27/08/2019,4.3684,-0.08
26/08/2019,4.3719,0.34
23/08/2019,4.3572,-0.2
22/08/2019,4.366,0.34
21/08/2019,4.3513,-0.33
20/08/2019,4.3656,0.31
19/08/2019,4.3519,-0.06
16/08/2019,4.3543,0.18
14/08/2019,4.3463,0.31
13/08/2019,4.3327,0.15
12/08/2019,4.3262,0.09
09/08/2019,4.3225,0.01
08/08/2019,4.322,0.06
07/08/2019,4.3194,0.23
06/08/2019,4.3096,-0.2
05/08/2019,4.3182,0.23
02/08/2019,4.3085,0.36
01/08/2019,4.2931,0.05
31/07/2019,4.2911,0.01
30/07/2019,4.2906,0.31
29/07/2019,4.2773,0.3
26/07/2019,4.2645,0.31
25/07/2019,4.2514,-0.16
24/07/2019,4.2581,0.21
23/07/2019,4.2492,0.03
22/07/2019,4.248,-0.26
19/07/2019,4.2592,-0.1
18/07/2019,4.2635,-0.02
17/07/2019,4.2644,0.15
16/07/2019,4.2582,-0.21
15/07/2019,4.2673,0.01
12/07/2019,4.2669,-0.03
11/07/2019,4.2682,-0.11
10/07/2019,4.2729,0.22
09/07/2019,4.2637,0.28
08/07/2019,4.2519,0.17
05/07/2019,4.2445,0.04
04/07/2019,4.2427,-0.04
03/07/2019,4.2442,-0.04
02/07/2019,4.2457,0.12
01/07/2019,4.2406,-0.27
28/06/2019,4.252,-0.1
27/06/2019,4.2561,-0.19
26/06/2019,4.2642,0.21
25/06/2019,4.2554,0.04
24/06/2019,4.2538,-0.2
21/06/2019,4.2622,-0.12
19/06/2019,4.2673,0.1
18/06/2019,4.2631,0.08
17/06/2019,4.2599,0.11
14/06/2019,4.2554,-0.13
13/06/2019,4.261,-0.09
12/06/2019,4.265,-0.06
11/06/2019,4.2675,0.08
10/06/2019,4.264,-0.29
07/06/2019,4.2762,-0.05
06/06/2019,4.2783,0
05/06/2019,4.2782,-0.01
04/06/2019,4.2788,-0.05
03/06/2019,4.2809,-0.25
31/05/2019,4.2916,-0.01
30/05/2019,4.2919,-0.2
29/05/2019,4.3007,0.09
28/05/2019,4.2967,0.03
27/05/2019,4.2952,-0.09
24/05/2019,4.2989,-0.27
23/05/2019,4.3107,0.02
22/05/2019,4.3098,0.1
21/05/2019,4.3055,0.14
20/05/2019,4.2995,-0.18
17/05/2019,4.3072,0.33
16/05/2019,4.2929,-0.46
15/05/2019,4.3128,0.1
14/05/2019,4.3085,0.13
13/05/2019,4.3029,0.17
10/05/2019,4.2955,-0.05
09/05/2019,4.2977,0.15
08/05/2019,4.2914,0.13
07/05/2019,4.2858,0.03
06/05/2019,4.2847,0.12
02/05/2019,4.2795,-0.27
30/04/2019,4.2911,-0.09
29/04/2019,4.295,0.1
26/04/2019,4.2906,-0.12
25/04/2019,4.2959,0.15
24/04/2019,4.2895,0.02
23/04/2019,4.2886,0.2
19/04/2019,4.2802,0.03
18/04/2019,4.279,0.09
17/04/2019,4.275,0.03
16/04/2019,4.2737,-0.08
15/04/2019,4.277,-0.18
12/04/2019,4.2847,0.06
11/04/2019,4.2821,-0.07
10/04/2019,4.2852,-0.04
09/04/2019,4.2871,-0.06
08/04/2019,4.2897,-0.06
05/04/2019,4.2921,0
04/04/2019,4.2921,-0.05
03/04/2019,4.2941,-0.15
02/04/2019,4.3004,-0.07
01/04/2019,4.3035,0.05
29/03/2019,4.3013,0.03
28/03/2019,4.2998,0.02
27/03/2019,4.2991,0.05
26/03/2019,4.297,-0.02
25/03/2019,4.2978,0.2
22/03/2019,4.2894,0.06
21/03/2019,4.287,0.01
20/03/2019,4.2864,-0.18
19/03/2019,4.294,-0.12
18/03/2019,4.2993,-0.1
15/03/2019,4.3037,0.05
14/03/2019,4.3015,0.02
13/03/2019,4.3006,0.07
12/03/2019,4.2976,-0.02
11/03/2019,4.2983,-0.2
08/03/2019,4.3068,0.11
07/03/2019,4.3019,0.06
06/03/2019,4.2992,-0.06
05/03/2019,4.3018,0.08
04/03/2019,4.2984,-0.22
01/03/2019,4.3079,-0.1
28/02/2019,4.312,-0.12
27/02/2019,4.3173,-0.38
26/02/2019,4.3338,-0.15
25/02/2019,4.3402,0.03
22/02/2019,4.3387,0.15
21/02/2019,4.3322,-0.11
20/02/2019,4.3371,0.16
19/02/2019,4.3303,-0.03
18/02/2019,4.3317,0.17
15/02/2019,4.3243,-0.35
14/02/2019,4.3394,0.19
13/02/2019,4.3312,0.1
12/02/2019,4.3268,0.22
11/02/2019,4.3172,0.21
08/02/2019,4.3082,0.15
07/02/2019,4.3019,0.19
06/02/2019,4.2936,0.16
05/02/2019,4.2869,0.13
04/02/2019,4.2813,0.25
01/02/2019,4.2706,-0.22
31/01/2019,4.2802,-0.35
30/01/2019,4.2952,-0.05
29/01/2019,4.2974,0.21
28/01/2019,4.2885,-0.12
25/01/2019,4.2935,-0.02
24/01/2019,4.2942,0.17
23/01/2019,4.2867,0.01
22/01/2019,4.2862,-0.15
21/01/2019,4.2928,-0.08
18/01/2019,4.2964,0.21
17/01/2019,4.2875,-0.13
16/01/2019,4.2929,0.02
15/01/2019,4.2922,-0.03
14/01/2019,4.2936,-0.05
11/01/2019,4.2957,-0.23
10/01/2019,4.3055,0.15
09/01/2019,4.2989,-0.06
08/01/2019,4.3013,0.06
07/01/2019,4.2989,-0.07
04/01/2019,4.3018,-0.03
03/01/2019,4.303,0.03
02/01/2019,4.3016,0.04
31/12/2018,4.3,0.07
28/12/2018,4.2969,0.25
27/12/2018,4.286,0.07
24/12/2018,4.2832,-0.13
21/12/2018,4.2889,0.09
20/12/2018,4.2849,0.01
19/12/2018,4.2846,-0.02
18/12/2018,4.2853,-0.12
17/12/2018,4.2906,-0.27
14/12/2018,4.3021,0.2
13/12/2018,4.2937,-0.13
12/12/2018,4.2993,0.03
11/12/2018,4.2982,0.17
10/12/2018,4.2911,0.15
07/12/2018,4.2845,-0.17
06/12/2018,4.2919,0.05
05/12/2018,4.2896,0.2
04/12/2018,4.281,-0.02
03/12/2018,4.2818,-0.2
30/11/2018,4.2904,0.01
29/11/2018,4.29,-0.22
28/11/2018,4.2994,0.17
27/11/2018,4.2919,0.08
26/11/2018,4.2883,-0.21
23/11/2018,4.2972,-0.21
22/11/2018,4.3064,-0.01
21/11/2018,4.307,-0.56
20/11/2018,4.3314,0.17
19/11/2018,4.3242,0.68
16/11/2018,4.295,-0.05
15/11/2018,4.297,0.04
14/11/2018,4.2954,-0.09
13/11/2018,4.2994,0.07
12/11/2018,4.2962,0.14
09/11/2018,4.2901,-0.12
08/11/2018,4.2951,-0.05
07/11/2018,4.2972,-0.33
06/11/2018,4.3115,-0.07
05/11/2018,4.3144,-0.23
02/11/2018,4.3244,-0.16
31/10/2018,4.3313,0.13
30/10/2018,4.3258,0.22
29/10/2018,4.3164,0.09
26/10/2018,4.3125,0
25/10/2018,4.3123,0.2
24/10/2018,4.3036,0.12
23/10/2018,4.2984,0.14
22/10/2018,4.2922,-0.3
19/10/2018,4.3049,0.19
18/10/2018,4.2966,0.07
17/10/2018,4.2936,0.04
16/10/2018,4.2919,-0.02
15/10/2018,4.2927,-0.22
12/10/2018,4.3022,-0.36
11/10/2018,4.3179,0.23
10/10/2018,4.3082,-0.25
09/10/2018,4.319,0.18
08/10/2018,4.3112,-0.01
05/10/2018,4.3117,0.06
04/10/2018,4.309,0.33
03/10/2018,4.2949,-0.06
02/10/2018,4.2975,0.42
01/10/2018,4.2795,0.19
28/09/2018,4.2714,-0.23
27/09/2018,4.2814,-0.12
26/09/2018,4.2865,-0.17
25/09/2018,4.2939,-0.36
24/09/2018,4.3092,0.38
21/09/2018,4.2929,0.04
20/09/2018,4.2912,-0.04
19/09/2018,4.2929,-0.23
18/09/2018,4.303,0.14
17/09/2018,4.2968,-0.29
14/09/2018,4.3093,-0.08
13/09/2018,4.3126,0.05
12/09/2018,4.3103,0.06
11/09/2018,4.3077,-0.14
10/09/2018,4.3138,0.14
07/09/2018,4.3079,-0.32
06/09/2018,4.3218,0.08
05/09/2018,4.3183,0.26
04/09/2018,4.3073,0.28
03/09/2018,4.2954,0
31/08/2018,4.2953,0.08
30/08/2018,4.2917,0.11
29/08/2018,4.2871,0.33
28/08/2018,4.2732,-0.04
27/08/2018,4.2748,-0.12
24/08/2018,4.2801,-0.16
23/08/2018,4.2868,-0.16
22/08/2018,4.2937,-0.38
21/08/2018,4.3101,0.24
20/08/2018,4.2997,-0.15
17/08/2018,4.3061,-0.1
16/08/2018,4.3105,0.24
14/08/2018,4.3001,-0.22
13/08/2018,4.3094,0.35
10/08/2018,4.2942,0.53
09/08/2018,4.2715,0.23
08/08/2018,4.2619,0.15
07/08/2018,4.2554,-0.28
06/08/2018,4.2672,-0.2
03/08/2018,4.2758,0.03
02/08/2018,4.2745,-0.03
01/08/2018,4.2758,-0.05
31/07/2018,4.2779,-0.13
30/07/2018,4.2836,-0.25
27/07/2018,4.2945,0.04
26/07/2018,4.2927,-0.25
25/07/2018,4.3035,-0.51
24/07/2018,4.3256,-0.01
23/07/2018,4.3262,-0.03
20/07/2018,4.3275,0.28
19/07/2018,4.3155,0.28
18/07/2018,4.3036,0.09
17/07/2018,4.2998,-0.18
16/07/2018,4.3076,-0.52
13/07/2018,4.3302,0.09
12/07/2018,4.3262,-0.14
11/07/2018,4.3322,-0.08
10/07/2018,4.3356,-0.06
09/07/2018,4.338,-0.5
06/07/2018,4.36,-0.53
05/07/2018,4.3833,-0.31
04/07/2018,4.3969,-0.02
03/07/2018,4.3978,0.18
02/07/2018,4.3899,0.65
29/06/2018,4.3616,0.11
28/06/2018,4.3566,0.31
27/06/2018,4.343,0.13
26/06/2018,4.3372,0.3
25/06/2018,4.3242,0.22
22/06/2018,4.3149,-0.4
21/06/2018,4.3323,0.35
20/06/2018,4.3171,0.13
19/06/2018,4.3113,0.53
18/06/2018,4.2887,0.2
15/06/2018,4.2802,0.11
14/06/2018,4.2757,-0.15
13/06/2018,4.282,0.1
12/06/2018,4.2776,0.14
11/06/2018,4.2717,-0.45
08/06/2018,4.2912,0.65
07/06/2018,4.2634,-0.46
06/06/2018,4.2829,0.06
05/06/2018,4.2804,-0.3
04/06/2018,4.2931,-0.5
01/06/2018,4.3146,-0.11
30/05/2018,4.3195,0.32
29/05/2018,4.3056,0.06
28/05/2018,4.3031,0.02
25/05/2018,4.3022,0.16
24/05/2018,4.2953,-0.2
23/05/2018,4.3037,0.53
22/05/2018,4.2812,-0.42
21/05/2018,4.2991,0.08
18/05/2018,4.2958,0.21
17/05/2018,4.2868,-0.06
16/05/2018,4.2893,0.16
15/05/2018,4.2823,0.49
14/05/2018,4.2615,0.11
11/05/2018,4.2569,0.23
10/05/2018,4.2473,-0.74
09/05/2018,4.279,0.3
08/05/2018,4.2662,0.35
07/05/2018,4.2513,-0.6
04/05/2018,4.2771,0.22
02/05/2018,4.2675,1.12
30/04/2018,4.2204,-0.13
27/04/2018,4.2259,-0.31
26/04/2018,4.2392,0.55
25/04/2018,4.2159,0.43
24/04/2018,4.198,0.43
23/04/2018,4.1802,0.19
20/04/2018,4.1724,0.14
19/04/2018,4.1665,-0.03
18/04/2018,4.1677,0.23
17/04/2018,4.1582,-0.11
16/04/2018,4.1628,-0.34
13/04/2018,4.1769,-0.27
12/04/2018,4.1882,-0.07
11/04/2018,4.1911,-0.19
10/04/2018,4.199,0.05
09/04/2018,4.1967,-0.04
06/04/2018,4.1984,-0.2
05/04/2018,4.207,0.01
04/04/2018,4.2065,-0.07
03/04/2018,4.2094,0.02
30/03/2018,4.2085,-0.02
29/03/2018,4.2093,-0.01
28/03/2018,4.2097,-0.16
27/03/2018,4.2164,-0.36
26/03/2018,4.2316,0.05
23/03/2018,4.2295,0.08
22/03/2018,4.2261,-0.37
21/03/2018,4.2416,0.41
20/03/2018,4.2242,0.16
19/03/2018,4.2176,0.03
16/03/2018,4.2162,-0.01
15/03/2018,4.2168,0.13
14/03/2018,4.2114,0.04
13/03/2018,4.2097,0.37
12/03/2018,4.1942,-0.11
09/03/2018,4.1989,-0.08
08/03/2018,4.2024,0.24
07/03/2018,4.1922,0.07
06/03/2018,4.1891,-0.01
05/03/2018,4.1895,-0.22
02/03/2018,4.1986,0.32
01/03/2018,4.1854,0.18
28/02/2018,4.1779,0.19
27/02/2018,4.17,-0.04
26/02/2018,4.1717,-0.05
23/02/2018,4.1738,-0.17
22/02/2018,4.1811,0.6
21/02/2018,4.1562,0.22
20/02/2018,4.1472,0.01
19/02/2018,4.1467,-0.22
16/02/2018,4.1559,0.07
15/02/2018,4.153,-0.45
14/02/2018,4.1716,-0.11
13/02/2018,4.1764,-0.2
12/02/2018,4.1846,-0.42
09/02/2018,4.2024,0.7
08/02/2018,4.1733,0.34
07/02/2018,4.1593,0.11
06/02/2018,4.1547,-0.09
05/02/2018,4.1585,-0.07
02/02/2018,4.1615,0.27
01/02/2018,4.1504,0.04
31/01/2018,4.1488,0.07
30/01/2018,4.1461,0.09
29/01/2018,4.1423,-0.13
26/01/2018,4.1477,-0.04
25/01/2018,4.1493,-0.35
24/01/2018,4.1637,-0.18
23/01/2018,4.1712,0.04
22/01/2018,4.1696,-0.13
19/01/2018,4.175,0.21
18/01/2018,4.1663,-0.18
17/01/2018,4.1739,-0.21
16/01/2018,4.1825,0.31
15/01/2018,4.1696,0.06
12/01/2018,4.1669,-0.21
11/01/2018,4.1758,-0.06
10/01/2018,4.1784,0.01
09/01/2018,4.1779,0.32
08/01/2018,4.1647,0.25
05/01/2018,4.1544,0.07
04/01/2018,4.1515,-0.38
03/01/2018,4.1673,-0.07
02/01/2018,4.1701,-0.02
29/12/2017,4.1709,-0.25
28/12/2017,4.1815,-0.22
27/12/2017,4.1909,-0.06
22/12/2017,4.1935,-0.2
21/12/2017,4.2018,0.1
20/12/2017,4.1975,-0.09
19/12/2017,4.2011,-0.29
18/12/2017,4.2134,-0.2
15/12/2017,4.2217,0
14/12/2017,4.2216,0.14
13/12/2017,4.2155,0.19
12/12/2017,4.2077,0.09
11/12/2017,4.2038,0.03
08/12/2017,4.2026,-0.21
07/12/2017,4.2115,-0.09
06/12/2017,4.2154,0.31
05/12/2017,4.2024,-0.14
04/12/2017,4.2082,0.01
01/12/2017,4.2078,0.05
30/11/2017,4.2055,0.15
29/11/2017,4.1991,-0.2
28/11/2017,4.2074,-0.03
27/11/2017,4.2086,-0.07
24/11/2017,4.2116,0.02
23/11/2017,4.2108,-0.18
22/11/2017,4.2183,-0.27
21/11/2017,4.2296,-0.13
20/11/2017,4.2351,-0.16
17/11/2017,4.2419,0.17
16/11/2017,4.2346,-0.33
15/11/2017,4.2487,0.37
14/11/2017,4.2332,-0.05
13/11/2017,4.2352,0.13
10/11/2017,4.2299,-0.02
09/11/2017,4.2308,-0.27
08/11/2017,4.2423,0.06
07/11/2017,4.2397,-0.12
06/11/2017,4.2449,0.1
03/11/2017,4.2406,0.17
02/11/2017,4.2336,-0.38
31/10/2017,4.2498,0.22
30/10/2017,4.2403,-0.28
27/10/2017,4.252,0.15
26/10/2017,4.2458,0.21
25/10/2017,4.237,-0.19
20/10/2017,4.2452,0.17
19/10/2017,4.2381,0.21
18/10/2017,4.2293,-0.05
17/10/2017,4.2313,-0.32
16/10/2017,4.2449,-0.36
13/10/2017,4.2603,-0.24
12/10/2017,4.2705,-0.31
11/10/2017,4.2836,-0.27
10/10/2017,4.2952,-0.39
09/10/2017,4.3121,0.18
06/10/2017,4.3042,0.13
05/10/2017,4.2985,-0.09
04/10/2017,4.3025,-0.19
03/10/2017,4.3105,-0.07
02/10/2017,4.3137,0.11
29/09/2017,4.3091,-0.17
28/09/2017,4.3166,0.36
27/09/2017,4.3012,0.45
26/09/2017,4.282,0.29
25/09/2017,4.2698,-0.11
22/09/2017,4.2746,-0.27
21/09/2017,4.2863,0.22
20/09/2017,4.2769,-0.38
19/09/2017,4.293,0.22
18/09/2017,4.2835,0.13
15/09/2017,4.2781,-0.13
14/09/2017,4.2837,0.37
13/09/2017,4.2677,0.39
12/09/2017,4.2511,0.2
11/09/2017,4.2426,-0.2
08/09/2017,4.2511,0.11
07/09/2017,4.2466,0.05
06/09/2017,4.2446,0.2
05/09/2017,4.2361,-0.49
04/09/2017,4.257,0.27
01/09/2017,4.2457,-0.38
31/08/2017,4.2618,0.02
30/08/2017,4.261,-0.12
29/08/2017,4.2661,0.05
28/08/2017,4.264,0.09
25/08/2017,4.26,-0.53
24/08/2017,4.2827,0.14
23/08/2017,4.2767,-0.01
22/08/2017,4.2772,0.06
21/08/2017,4.2747,-0.18
18/08/2017,4.2826,0.67
17/08/2017,4.2541,-0.43
16/08/2017,4.2724,-0.23
14/08/2017,4.2823,-0.07
11/08/2017,4.2851,0.33
10/08/2017,4.2709,0.17
09/08/2017,4.2638,0.23
08/08/2017,4.2541,0.17
07/08/2017,4.2469,0.11
04/08/2017,4.2423,-0.27
03/08/2017,4.2538,0.05
02/08/2017,4.2515,-0.08
01/08/2017,4.2548,0.01
31/07/2017,4.2545,-0.17
28/07/2017,4.2617,-0.08
27/07/2017,4.265,0.09
26/07/2017,4.2611,0.12
25/07/2017,4.2559,0.34
24/07/2017,4.2413,0.24
21/07/2017,4.2311,0.46
20/07/2017,4.2117,0.14
19/07/2017,4.2057,0.06
18/07/2017,4.2032,-0.14
17/07/2017,4.2091,-0.24
14/07/2017,4.2194,-0.36
13/07/2017,4.2345,-0.21
12/07/2017,4.2432,-0.01
11/07/2017,4.2435,0.21
10/07/2017,4.2348,0.03
07/07/2017,4.2337,-0.12
06/07/2017,4.2388,-0.27
05/07/2017,4.2501,0.17
04/07/2017,4.2428,0.23
03/07/2017,4.2331,0.16
30/06/2017,4.2265,-0.35
29/06/2017,4.2412,0.22
28/06/2017,4.2317,0.47
27/06/2017,4.212,0.01
26/06/2017,4.2117,-0.33
23/06/2017,4.2255,-0.44
22/06/2017,4.2442,0
21/06/2017,4.2442,0.46
20/06/2017,4.2248,0.32
19/06/2017,4.2112,-0.16
16/06/2017,4.2181,0.37
14/06/2017,4.2025,0.25
13/06/2017,4.1921,-0.01
12/06/2017,4.1927,0.12
09/06/2017,4.1877,-0.46
08/06/2017,4.2071,0.31
07/06/2017,4.1943,0.06
06/06/2017,4.1916,0.32
05/06/2017,4.1781,-0.24
02/06/2017,4.1882,0.11
01/06/2017,4.1834,0.23
31/05/2017,4.1737,0
30/05/2017,4.1739,-0.13
29/05/2017,4.1794,-0.02
26/05/2017,4.1803,0.02
25/05/2017,4.1796,-0.45
24/05/2017,4.1985,-0.08
23/05/2017,4.2018,0.26
22/05/2017,4.1907,-0.39
19/05/2017,4.2069,-0.31
18/05/2017,4.22,0.69
17/05/2017,4.1912,0.02
16/05/2017,4.1902,-0.46
15/05/2017,4.2096,-0.25
12/05/2017,4.22,0.12
11/05/2017,4.215,-0.01
10/05/2017,4.2155,-0.23
09/05/2017,4.2253,0.46
08/05/2017,4.2059,-0.28
05/05/2017,4.2176,0
04/05/2017,4.2177,-0.12
02/05/2017,4.2226,0.13
28/04/2017,4.217,-0.3
27/04/2017,4.2296,0.1
26/04/2017,4.2255,-0.21
25/04/2017,4.2346,-0.15
24/04/2017,4.241,-0.69
21/04/2017,4.2705,0.17
20/04/2017,4.2631,0.54
19/04/2017,4.2404,0.01
18/04/2017,4.2401,0.01
14/04/2017,4.2395,-0.13
13/04/2017,4.245,-0.13
12/04/2017,4.2505,0.21
11/04/2017,4.2415,0.27
10/04/2017,4.2301,0.07
07/04/2017,4.2273,-0.33
06/04/2017,4.2412,-0.12
05/04/2017,4.2464,-0.14
04/04/2017,4.2525,0.47
03/04/2017,4.2327,0.31
31/03/2017,4.2198,-0.22
30/03/2017,4.2292,-0.16
29/03/2017,4.236,-0.4
28/03/2017,4.2529,-0.24
27/03/2017,4.263,-0.07
24/03/2017,4.2658,-0.22
23/03/2017,4.275,-0.25
22/03/2017,4.2855,0.52
21/03/2017,4.2635,-0.43
20/03/2017,4.2821,-0.45
17/03/2017,4.3013,-0.35
16/03/2017,4.3165,-0.1
15/03/2017,4.3208,-0.2
14/03/2017,4.3295,-0.38
13/03/2017,4.346,0.46
10/03/2017,4.326,0.26
09/03/2017,4.3146,0.14
08/03/2017,4.3087,-0.06
07/03/2017,4.3115,0.03
06/03/2017,4.31,0.05
03/03/2017,4.3078,0.39
02/03/2017,4.2912,-0.13
01/03/2017,4.297,-0.45
28/02/2017,4.3166,0.07
27/02/2017,4.3135,0.08
24/02/2017,4.3102,0.06
23/02/2017,4.3076,0.23
22/02/2017,4.2977,-0.43
21/02/2017,4.3163,-0.15
20/02/2017,4.3227,-0.2
17/02/2017,4.3314,0.36
16/02/2017,4.316,0.31
15/02/2017,4.3025,0
14/02/2017,4.3025,-0.12
13/02/2017,4.3077,0.11
10/02/2017,4.303,-0.31
09/02/2017,4.3162,0.08
08/02/2017,4.3128,0.43
07/02/2017,4.2943,0.18
06/02/2017,4.2864,-0.28
03/02/2017,4.2985,-0.23
02/02/2017,4.3084,-0.32
01/02/2017,4.3221,-0.2
31/01/2017,4.3308,0.04
30/01/2017,4.3291,-0.28
27/01/2017,4.3413,-0.25
26/01/2017,4.352,-0.27
25/01/2017,4.3636,-0.19
24/01/2017,4.372,-0.01
23/01/2017,4.3725,0.15
20/01/2017,4.3658,-0.19
19/01/2017,4.3741,0.08
18/01/2017,4.3705,-0.15
17/01/2017,4.3771,-0.05
16/01/2017,4.3792,0.14
13/01/2017,4.373,0
12/01/2017,4.3728,0.1
11/01/2017,4.3684,-0.12
10/01/2017,4.3735,-0.11
09/01/2017,4.3783,0.04
05/01/2017,4.3766,-0.25
04/01/2017,4.3877,-0.28
03/01/2017,4.4002,-0.35
02/01/2017,4.4157,-0.19
30/12/2016,4.424,0.25
29/12/2016,4.4131,0.01
28/12/2016,4.4127,0.24
27/12/2016,4.4022,-0.24
23/12/2016,4.4126,0.08
22/12/2016,4.4089,-0.21
21/12/2016,4.418,0.12
20/12/2016,4.4128,-0.07
19/12/2016,4.4157,-0.22
16/12/2016,4.4253,-0.45
15/12/2016,4.4453,0.14
14/12/2016,4.4389,-0.26
13/12/2016,4.4505,-0.17
12/12/2016,4.4583,0.45
09/12/2016,4.4385,-0.04
08/12/2016,4.4401,0.38
07/12/2016,4.4232,-1.78
06/12/2016,4.5035,0.31
05/12/2016,4.4897,0.03
02/12/2016,4.4885,0.59
01/12/2016,4.462,0.53
30/11/2016,4.4384,0.13
29/11/2016,4.4328,0.31
28/11/2016,4.419,0.19
25/11/2016,4.4106,-0.35
24/11/2016,4.4261,0.29
23/11/2016,4.4131,-0.15
22/11/2016,4.4199,-0.43
21/11/2016,4.439,-0.21
18/11/2016,4.4484,0.22
17/11/2016,4.4386,0.09
16/11/2016,4.4345,0.56
15/11/2016,4.4098,0.47
14/11/2016,4.3892,1.08
10/11/2016,4.3424,-0.07
09/11/2016,4.3455,0.39
08/11/2016,4.3285,0
07/11/2016,4.3283,0.35
04/11/2016,4.3133,-0.24
03/11/2016,4.3238,0.16
02/11/2016,4.3169,-0.23
31/10/2016,4.3267,-0.06
28/10/2016,4.3293,-0.22
27/10/2016,4.3388,0.49
26/10/2016,4.3178,0.28
25/10/2016,4.3058,-0.39
24/10/2016,4.3225,-0.17
21/10/2016,4.33,0.26
20/10/2016,4.3189,-0.03
19/10/2016,4.3204,0.16
18/10/2016,4.3137,-0.01
17/10/2016,4.3142,0.44
14/10/2016,4.2955,-0.26
13/10/2016,4.3065,0.56
12/10/2016,4.2825,0.14
11/10/2016,4.2767,-0.16
10/10/2016,4.2835,-0.04
07/10/2016,4.2853,-0.28
06/10/2016,4.2974,-0.09
05/10/2016,4.3014,0.07
04/10/2016,4.2984,0.02
03/10/2016,4.2976,-0.33
30/09/2016,4.312,0.25
29/09/2016,4.3014,0.22
28/09/2016,4.2918,-0.13
27/09/2016,4.2972,-0.24
26/09/2016,4.3075,0.32
23/09/2016,4.2939,0.19
22/09/2016,4.2856,-0.41
21/09/2016,4.3034,0.03
20/09/2016,4.3019,-0.12
19/09/2016,4.3071,-0.4
16/09/2016,4.3244,-0.26
15/09/2016,4.3356,-0.23
14/09/2016,4.3455,-0.15
13/09/2016,4.352,0.14
12/09/2016,4.346,0.45
09/09/2016,4.3264,0.33
08/09/2016,4.3122,-0.39
07/09/2016,4.3289,-0.25
06/09/2016,4.3396,-0.19
05/09/2016,4.348,-0.72
02/09/2016,4.3796,0.43
01/09/2016,4.3607,0.12
31/08/2016,4.3555,0.37
30/08/2016,4.3395,0
29/08/2016,4.3395,0.29
26/08/2016,4.327,0.41
25/08/2016,4.3095,-0.05
24/08/2016,4.3116,-0.05
23/08/2016,4.3139,0.25
22/08/2016,4.303,0.34
19/08/2016,4.2884,0.11
18/08/2016,4.2837,-0.06
17/08/2016,4.2863,0.38
16/08/2016,4.27,0.17
12/08/2016,4.2626,-0.11
11/08/2016,4.2674,0.1
10/08/2016,4.2632,-0.14
09/08/2016,4.2693,-0.51
08/08/2016,4.2912,-0.15
05/08/2016,4.2975,0.01
04/08/2016,4.2971,-0.38
03/08/2016,4.3135,-0.8
02/08/2016,4.3484,-0.21
01/08/2016,4.3576,-0.25
29/07/2016,4.3684,-0.12
28/07/2016,4.3736,0.09
27/07/2016,4.3695,0
26/07/2016,4.3694,0.22
25/07/2016,4.36,0.08
22/07/2016,4.3564,-0.32
21/07/2016,4.3706,-0.16
20/07/2016,4.3776,-0.08
19/07/2016,4.3811,-0.5
18/07/2016,4.4032,-0.2
15/07/2016,4.4121,0.12
14/07/2016,4.407,0.12
13/07/2016,4.4016,-0.47
12/07/2016,4.4224,0.12
11/07/2016,4.417,-0.28
08/07/2016,4.4295,-0.19
07/07/2016,4.438,-0.2
06/07/2016,4.4469,-0.07
05/07/2016,4.4501,0.44
04/07/2016,4.4304,0.87
01/07/2016,4.3921,-0.75
30/06/2016,4.4255,0.26
29/06/2016,4.414,-0.24
28/06/2016,4.4244,-0.54
27/06/2016,4.4485,-0.09
24/06/2016,4.4526,1.64
23/06/2016,4.3806,-0.21
22/06/2016,4.39,-0.08
21/06/2016,4.3935,-0.02
20/06/2016,4.3945,-0.94
17/06/2016,4.4363,-0.18
16/06/2016,4.4445,0.66
15/06/2016,4.4155,-0.47
14/06/2016,4.4363,1.05
13/06/2016,4.39,0.79
10/06/2016,4.3558,0.52
09/06/2016,4.3334,-0.1
08/06/2016,4.3377,-0.36
07/06/2016,4.3533,-0.69
06/06/2016,4.3835,-0.18
03/06/2016,4.3913,-0.07
02/06/2016,4.3944,0.11
01/06/2016,4.3895,0.17
31/05/2016,4.382,-0.28
30/05/2016,4.3945,-0.27
27/05/2016,4.4063,-0.4
25/05/2016,4.4238,-0.55
24/05/2016,4.4482,0.43
23/05/2016,4.4293,0.29
20/05/2016,4.4163,0.46
19/05/2016,4.396,0.05
18/05/2016,4.3937,0.75
17/05/2016,4.361,-0.27
16/05/2016,4.3727,-0.66
13/05/2016,4.4016,-0.58
12/05/2016,4.4275,0.08
11/05/2016,4.4241,-0.08
10/05/2016,4.4275,0.34
09/05/2016,4.4123,-0.26
06/05/2016,4.4236,0.53
05/05/2016,4.4003,0.03
04/05/2016,4.3992,0.34
02/05/2016,4.3842,-0.54
29/04/2016,4.4078,0.31
28/04/2016,4.394,0.03
27/04/2016,4.3926,-0.12
26/04/2016,4.3978,0.27
25/04/2016,4.386,1.33
22/04/2016,4.3283,0.93
21/04/2016,4.2885,-0.28
20/04/2016,4.3004,0.06
19/04/2016,4.2977,0
18/04/2016,4.2978,-0.05
15/04/2016,4.3,-0.04
14/04/2016,4.3016,0.44
13/04/2016,4.2827,-0.09
12/04/2016,4.2867,0.1
11/04/2016,4.2826,-0.24
08/04/2016,4.293,0.77
07/04/2016,4.2601,0.06
06/04/2016,4.2577,0.29
05/04/2016,4.2452,0.23
04/04/2016,4.2355,-0.08
01/04/2016,4.2387,-0.7
31/03/2016,4.2684,0.56
30/03/2016,4.2445,-0.21
29/03/2016,4.2535,-0.22
25/03/2016,4.263,-0.2
24/03/2016,4.2715,0.43
23/03/2016,4.2533,-0.13
22/03/2016,4.259,-0.03
21/03/2016,4.2603,-0.24
18/03/2016,4.2705,-0.66
17/03/2016,4.2989,0.02
16/03/2016,4.298,0.36
15/03/2016,4.2824,0.03
14/03/2016,4.2813,-0.96
11/03/2016,4.3226,0.22
10/03/2016,4.3131,-0.19
09/03/2016,4.3215,-0.25
08/03/2016,4.3325,0.08
07/03/2016,4.3292,-0.11
04/03/2016,4.334,0.21
03/03/2016,4.325,-0.19
02/03/2016,4.3333,-0.07
01/03/2016,4.3365,-0.51
29/02/2016,4.3589,0.04
26/02/2016,4.357,-0.39
25/02/2016,4.3739,0.04
24/02/2016,4.372,0.15
23/02/2016,4.3655,0
22/02/2016,4.3655,-0.4
19/02/2016,4.383,-0.16
18/02/2016,4.3902,-0.01
17/02/2016,4.3905,-0.31
16/02/2016,4.4042,0.19
15/02/2016,4.396,-0.4
12/02/2016,4.4136,-0.61
11/02/2016,4.4407,0.09
10/02/2016,4.4366,-0.28
09/02/2016,4.449,0.69
08/02/2016,4.4185,0.11
05/02/2016,4.4135,0.13
04/02/2016,4.4078,0.12
03/02/2016,4.4024,0.02
02/02/2016,4.4015,-0.2
01/02/2016,4.4104,-0.68
29/01/2016,4.4405,-0.41
28/01/2016,4.4588,-0.32
27/01/2016,4.473,-0.51
26/01/2016,4.4961,0.54
25/01/2016,4.472,0.58
22/01/2016,4.446,-1.17
21/01/2016,4.4987,0.73
20/01/2016,4.4659,0.38
19/01/2016,4.449,-0.77
18/01/2016,4.4835,1.72
15/01/2016,4.4075,1.08
14/01/2016,4.3605,0.6
13/01/2016,4.3345,-0.63
12/01/2016,4.3621,-0.03
11/01/2016,4.3635,0.41
08/01/2016,4.3457,-0.04
07/01/2016,4.3475,0.69
05/01/2016,4.3176,0.56
04/01/2016,4.2935,0.75
31/12/2015,4.2615,0.45
30/12/2015,4.2423,-0.04
29/12/2015,4.244,-0.02
28/12/2015,4.2448,0.09
24/12/2015,4.2411,-0.12
23/12/2015,4.246,0.12
22/12/2015,4.2411,-0.31
21/12/2015,4.2545,-0.63
18/12/2015,4.2816,-0.54
17/12/2015,4.3048,-0.59
16/12/2015,4.3304,-0.63
15/12/2015,4.358,0.18
14/12/2015,4.35,0.07
11/12/2015,4.3471,0.07
10/12/2015,4.344,0.09
09/12/2015,4.3402,0.28
08/12/2015,4.3282,0.4
07/12/2015,4.3111,-0.07
04/12/2015,4.3141,1.12
03/12/2015,4.2665,-0.35
02/12/2015,4.2815,0.38
01/12/2015,4.2651,0.03
30/11/2015,4.2639,-0.12
27/11/2015,4.2692,-0.17
26/11/2015,4.2763,0.19
25/11/2015,4.268,0.17
24/11/2015,4.2609,0.5
23/11/2015,4.2395,-0.11
20/11/2015,4.2441,-0.08
19/11/2015,4.2477,-0.08
18/11/2015,4.2509,0.18
17/11/2015,4.2433,-0.09
16/11/2015,4.2472,0.26
13/11/2015,4.2362,0.28
12/11/2015,4.2245,-0.56
10/11/2015,4.2485,-0.39
09/11/2015,4.2651,0.45
06/11/2015,4.2458,0.36
05/11/2015,4.2306,-0.35
04/11/2015,4.2455,-0.09
03/11/2015,4.2495,0.01
02/11/2015,4.249,-0.38
30/10/2015,4.2652,-0.19
29/10/2015,4.2732,-0.4
28/10/2015,4.2902,0.45
27/10/2015,4.2709,0.24
26/10/2015,4.2605,0.2
23/10/2015,4.252,-0.58
22/10/2015,4.2769,0.06
21/10/2015,4.2745,0.64
20/10/2015,4.2472,0.31
19/10/2015,4.2342,0.06
16/10/2015,4.2315,0.05
15/10/2015,4.2295,-0.17
14/10/2015,4.2365,0.07
13/10/2015,4.2336,0.15
12/10/2015,4.2273,0.24
09/10/2015,4.217,-0.55
08/10/2015,4.2405,0.31
07/10/2015,4.2272,-0.43
06/10/2015,4.2453,-0.05
05/10/2015,4.2475,0.06
02/10/2015,4.2451,0.03
01/10/2015,4.2437,0.12
30/09/2015,4.2386,-0.11
29/09/2015,4.2434,0.24
28/09/2015,4.2334,0.52
25/09/2015,4.2115,-0.2
24/09/2015,4.22,0.46
23/09/2015,4.2007,0.2
22/09/2015,4.1924,0.07
21/09/2015,4.1896,-0.39
18/09/2015,4.2059,-0.01
17/09/2015,4.2065,0.17
16/09/2015,4.1994,-0.24
15/09/2015,4.2094,0.01
14/09/2015,4.209,0.02
11/09/2015,4.208,-0.17
10/09/2015,4.2153,0.06
09/09/2015,4.2129,-0.55
08/09/2015,4.236,0.06
07/09/2015,4.2335,0.11
04/09/2015,4.229,-0.06
03/09/2015,4.2314,-0.3
02/09/2015,4.244,0.34
01/09/2015,4.2297,-0.11
31/08/2015,4.2344,0.04
28/08/2015,4.2325,0.17
27/08/2015,4.2255,-0.3
26/08/2015,4.2381,0.17
25/08/2015,4.2309,-0.19
24/08/2015,4.239,0.89
21/08/2015,4.2014,0.16
20/08/2015,4.1946,0.61
19/08/2015,4.169,0.18
18/08/2015,4.1616,-0.38
17/08/2015,4.1775,-0.18
14/08/2015,4.1849,0.06
13/08/2015,4.1822,-0.64
12/08/2015,4.2093,0.14
11/08/2015,4.2035,0.24
10/08/2015,4.1933,0.16
07/08/2015,4.1868,0.17
06/08/2015,4.1798,0.34
05/08/2015,4.1655,0.46
04/08/2015,4.1463,0.25
03/08/2015,4.136,-0.31
31/07/2015,4.1488,0.14
30/07/2015,4.1429,-0.06
29/07/2015,4.1452,0.42
28/07/2015,4.128,-0.52
27/07/2015,4.1495,0.73
24/07/2015,4.1195,-0.22
23/07/2015,4.1285,0.27
22/07/2015,4.1174,0.15
21/07/2015,4.1112,0.07
20/07/2015,4.1083,0.15
17/07/2015,4.1021,-0.22
16/07/2015,4.1111,-0.5
15/07/2015,4.1319,-0.54
14/07/2015,4.1545,-0.01
13/07/2015,4.155,-0.85
10/07/2015,4.1905,-0.88
09/07/2015,4.2277,0.15
08/07/2015,4.2213,0.44
07/07/2015,4.2026,0.09
06/07/2015,4.199,0.22
03/07/2015,4.1896,-0.09
02/07/2015,4.1935,0.03
01/07/2015,4.1923,-0.05
30/06/2015,4.1944,0.12
29/06/2015,4.1893,0.31
26/06/2015,4.1764,0.06
25/06/2015,4.1737,0.23
24/06/2015,4.164,0.01
23/06/2015,4.1637,-0.21
22/06/2015,4.1724,0.02
19/06/2015,4.1715,0.24
18/06/2015,4.1615,0.19
17/06/2015,4.1535,-0.14
16/06/2015,4.1595,0.26
15/06/2015,4.1486,0.15
12/06/2015,4.1423,-0.14
11/06/2015,4.1481,-0.29
10/06/2015,4.1602,-0.25
09/06/2015,4.1705,0.35
08/06/2015,4.1559,-0.1
05/06/2015,4.16,0.71
03/06/2015,4.1307,-0.16
02/06/2015,4.1374,0.28
01/06/2015,4.126,-0.1
29/05/2015,4.1301,-0.28
28/05/2015,4.1419,0.03
27/05/2015,4.1405,0.31
26/05/2015,4.1279,0.32
25/05/2015,4.1149,0.41
22/05/2015,4.098,0.35
21/05/2015,4.0836,0.57
20/05/2015,4.0606,0.35
19/05/2015,4.0465,-0.01
18/05/2015,4.0468,-0.29
15/05/2015,4.0587,-0.87
14/05/2015,4.0945,0.44
13/05/2015,4.0765,-0.65
12/05/2015,4.103,0.65
11/05/2015,4.0767,0.53
08/05/2015,4.0552,-0.33
07/05/2015,4.0685,0.33
06/05/2015,4.0552,0.93
05/05/2015,4.0179,-0.71
04/05/2015,4.0465,0.32
30/04/2015,4.0337,0.69
29/04/2015,4.006,-0.04
28/04/2015,4.0075,-0.35
27/04/2015,4.0214,0.13
24/04/2015,4.0161,0.21
23/04/2015,4.0075,0.15
22/04/2015,4.0015,0.48
21/04/2015,3.9822,-0.72
20/04/2015,4.0112,-0.54
17/04/2015,4.033,0.47
16/04/2015,4.014,0.14
15/04/2015,4.0083,-0.01
14/04/2015,4.0088,-0.27
13/04/2015,4.0198,0
10/04/2015,4.0198,0
09/04/2015,4.0198,-0.35
08/04/2015,4.034,-0.68
07/04/2015,4.0615,-0.33
03/04/2015,4.0748,0.27
02/04/2015,4.064,-0.06
01/04/2015,4.0665,-0.55
31/03/2015,4.089,-0.12
30/03/2015,4.094,-0.13
27/03/2015,4.0993,0.26
26/03/2015,4.0886,-0.1
25/03/2015,4.0927,-0.4
24/03/2015,4.109,-0.48
23/03/2015,4.1287,0.08
20/03/2015,4.1255,0.06
19/03/2015,4.123,-0.53
18/03/2015,4.145,0.13
17/03/2015,4.1397,0.06
16/03/2015,4.1373,-0.38
13/03/2015,4.1529,0.67
12/03/2015,4.1251,-0.44
11/03/2015,4.1435,0.49
10/03/2015,4.1233,-0.06
09/03/2015,4.1259,-0.08
06/03/2015,4.1292,-0.3
05/03/2015,4.1415,-0.74
04/03/2015,4.1723,0.4
03/03/2015,4.1557,0
02/03/2015,4.1559,0.15
27/02/2015,4.1495,-0.11
26/02/2015,4.1542,-0.3
25/02/2015,4.1668,-0.23
24/02/2015,4.1763,-0.03
23/02/2015,4.1777,-0.06
20/02/2015,4.18,0.07
19/02/2015,4.177,-0.32
18/02/2015,4.1905,0
17/02/2015,4.1904,0.22
16/02/2015,4.1812,0.07
13/02/2015,4.1783,-0.24
12/02/2015,4.1884,-0.27
11/02/2015,4.1999,-0.04
10/02/2015,4.2017,0.62
09/02/2015,4.176,0.16
06/02/2015,4.1695,-0.11
05/02/2015,4.1739,0.06
04/02/2015,4.1712,-0.24
03/02/2015,4.1812,0.12
02/02/2015,4.1762,-0.76
30/01/2015,4.2081,-0.62
29/01/2015,4.2344,-0.01
28/01/2015,4.2348,0.15
27/01/2015,4.2285,-0.02
26/01/2015,4.2293,-0.14
23/01/2015,4.2354,-1.5
22/01/2015,4.2997,-0.51
21/01/2015,4.3218,-0.27
20/01/2015,4.3335,0.39
19/01/2015,4.3165,-0.13
16/01/2015,4.322,0.75
15/01/2015,4.2897,0.03
14/01/2015,4.2885,0.19
13/01/2015,4.2802,0.05
12/01/2015,4.2782,-0.13
09/01/2015,4.2837,-0.34
08/01/2015,4.2985,-0.3
07/01/2015,4.3115,0.25
05/01/2015,4.3008,-0.16
02/01/2015,4.3078,1.07
31/12/2014,4.2623,-1.19
30/12/2014,4.3138,0.2
29/12/2014,4.3053,-0.02
24/12/2014,4.306,0.74
23/12/2014,4.2743,0.28
22/12/2014,4.2625,-0.19
19/12/2014,4.2705,0.8
18/12/2014,4.2365,0.19
17/12/2014,4.2286,0.84
16/12/2014,4.1935,0.42
15/12/2014,4.1761,-0.11
12/12/2014,4.1805,0.13
11/12/2014,4.1749,0.37
10/12/2014,4.1595,0
09/12/2014,4.1594,-0.15
08/12/2014,4.1655,0.17
05/12/2014,4.1585,0.11
04/12/2014,4.1538,-0.09
03/12/2014,4.1574,-0.11
02/12/2014,4.162,-0.4
01/12/2014,4.1788,-0.06
28/11/2014,4.1814,0.02
27/11/2014,4.1807,0.02
26/11/2014,4.18,-0.28
25/11/2014,4.1916,-0.15
24/11/2014,4.1977,-0.26
21/11/2014,4.2088,-0.16
20/11/2014,4.2155,-0.04
19/11/2014,4.217,-0.02
18/11/2014,4.218,-0.18
17/11/2014,4.2255,-0.08
14/11/2014,4.229,0.21
13/11/2014,4.2203,-0.1
12/11/2014,4.2247,0.2
10/11/2014,4.2163,-0.19
07/11/2014,4.2243,-0.02
06/11/2014,4.225,-0.14
05/11/2014,4.231,0.13
04/11/2014,4.2253,0.1
03/11/2014,4.2209,0.39
31/10/2014,4.2043,-0.56
30/10/2014,4.228,0.08
29/10/2014,4.2248,-0.05
28/10/2014,4.2268,0.09
27/10/2014,4.2229,-0.04
24/10/2014,4.2245,-0.08
23/10/2014,4.228,0.12
22/10/2014,4.2228,-0.08
21/10/2014,4.2263,0.07
20/10/2014,4.2232,-0.14
17/10/2014,4.2293,0.17
16/10/2014,4.2223,0.32
15/10/2014,4.2089,0.23
14/10/2014,4.1993,0.22
13/10/2014,4.1901,0.25
10/10/2014,4.1795,-0.07
09/10/2014,4.1826,-0.07
08/10/2014,4.1856,0.07
07/10/2014,4.1825,-0.01
06/10/2014,4.1829,0.1
03/10/2014,4.1789,0.02
02/10/2014,4.178,-0.03
01/10/2014,4.1792,0.09
30/09/2014,4.1755,-0.21
29/09/2014,4.1843,0.15
26/09/2014,4.1781,0.06
25/09/2014,4.1757,-0.07
24/09/2014,4.1785,0.02
23/09/2014,4.1775,-0.17
22/09/2014,4.1845,-0.04
19/09/2014,4.186,-0.05
18/09/2014,4.188,-0.05
17/09/2014,4.1899,-0.17
16/09/2014,4.197,-0.14
15/09/2014,4.2028,0.17
12/09/2014,4.1957,0.05
11/09/2014,4.1935,-0.32
10/09/2014,4.207,0.22
09/09/2014,4.1978,0.37
08/09/2014,4.1824,-0.2
05/09/2014,4.1908,-0.22
04/09/2014,4.2,0.15
03/09/2014,4.1937,-0.43
02/09/2014,4.212,0.05
01/09/2014,4.2099,-0.07
29/08/2014,4.2129,0.2
28/08/2014,4.2043,0.39
27/08/2014,4.188,0.19
26/08/2014,4.18,-0.03
25/08/2014,4.1814,-0.14
22/08/2014,4.1874,-0.05
21/08/2014,4.1893,0.13
20/08/2014,4.1838,-0.08
19/08/2014,4.1871,-0.19
18/08/2014,4.1951,0.36
14/08/2014,4.18,-0.43
13/08/2014,4.198,-0.11
12/08/2014,4.2025,0.06
11/08/2014,4.1998,-0.44
08/08/2014,4.2184,0.46
07/08/2014,4.199,0.12
06/08/2014,4.194,0.63
05/08/2014,4.1679,-0.25
04/08/2014,4.1783,-0.25
01/08/2014,4.1887,0.59
31/07/2014,4.164,0.3
30/07/2014,4.1517,-0.02
29/07/2014,4.1524,0.13
28/07/2014,4.147,0.03
25/07/2014,4.1459,0.15
24/07/2014,4.1398,0.1
23/07/2014,4.1355,-0.26
22/07/2014,4.1464,-0.14
21/07/2014,4.1521,0.1
18/07/2014,4.1479,0.24
17/07/2014,4.1378,0.16
16/07/2014,4.131,-0.3
15/07/2014,4.1433,0.1
14/07/2014,4.139,-0.07
11/07/2014,4.1419,0.19
10/07/2014,4.1341,0.17
09/07/2014,4.1272,-0.31
08/07/2014,4.1401,-0.17
07/07/2014,4.1472,0.09
04/07/2014,4.1435,-0.24
03/07/2014,4.1536,0.09
02/07/2014,4.15,-0.12
01/07/2014,4.155,-0.14
30/06/2014,4.1609,0.2
27/06/2014,4.1528,0.41
26/06/2014,4.1358,-0.19
25/06/2014,4.1437,-0.36
24/06/2014,4.1587,-0.04
23/06/2014,4.1603,0.23
20/06/2014,4.1506,0.1
18/06/2014,4.1463,0.16
17/06/2014,4.1398,-0.15
16/06/2014,4.146,0.56
13/06/2014,4.1231,0.33
12/06/2014,4.1096,-0.15
11/06/2014,4.1157,0.16
10/06/2014,4.109,0.22
09/06/2014,4.0998,-0.52
06/06/2014,4.1211,-0.01
05/06/2014,4.1215,-0.75
04/06/2014,4.1527,0.33
03/06/2014,4.1392,0.09
02/06/2014,4.1355,-0.16
30/05/2014,4.142,0.08
29/05/2014,4.1385,-0.7
28/05/2014,4.1678,0.06
27/05/2014,4.1655,0.23
26/05/2014,4.156,0.09
23/05/2014,4.1524,-0.55
22/05/2014,4.1755,-0.31
21/05/2014,4.1885,-0.05
20/05/2014,4.1905,0.05
19/05/2014,4.1884,-0.12
16/05/2014,4.1935,0.27
15/05/2014,4.1824,-0.01
14/05/2014,4.1828,0.03
13/05/2014,4.1815,0.04
12/05/2014,4.1797,0.02
09/05/2014,4.1787,-0.19
08/05/2014,4.1865,-0.33
07/05/2014,4.2003,-0.11
06/05/2014,4.2051,-0.01
05/05/2014,4.2056,0.16
02/05/2014,4.199,-0.01
30/04/2014,4.1994,-0.14
29/04/2014,4.2053,-0.14
28/04/2014,4.2112,0.2
25/04/2014,4.203,0.33
24/04/2014,4.1893,-0.05
23/04/2014,4.1914,0.06
22/04/2014,4.189,0.17
18/04/2014,4.182,-0.35
17/04/2014,4.1968,0.1
16/04/2014,4.1925,0.2
15/04/2014,4.184,-0.04
14/04/2014,4.1855,0.17
11/04/2014,4.1784,0.18
10/04/2014,4.171,0.08
09/04/2014,4.1675,-0.02
08/04/2014,4.1684,-0.15
07/04/2014,4.1748,0.22
04/04/2014,4.1657,-0.19
03/04/2014,4.1738,-0.09
02/04/2014,4.1774,0.02
01/04/2014,4.1765,0.12
31/03/2014,4.1713,0.09
28/03/2014,4.1677,-0.36
27/03/2014,4.1826,-0.02
26/03/2014,4.1835,-0.18
25/03/2014,4.191,-0.19
24/03/2014,4.199,0.05
21/03/2014,4.197,-0.28
20/03/2014,4.2089,0.06
19/03/2014,4.2065,-0.54
18/03/2014,4.2295,0
17/03/2014,4.2295,-0.09
14/03/2014,4.2334,0.13
13/03/2014,4.2277,-0.03
12/03/2014,4.229,0.28
11/03/2014,4.2171,0.43
10/03/2014,4.1991,0.23
07/03/2014,4.1893,0.25
06/03/2014,4.1788,-0.17
05/03/2014,4.186,-0.16
04/03/2014,4.1926,-0.12
03/03/2014,4.1978,0.9
28/02/2014,4.1602,-0.59
27/02/2014,4.1851,0.64
26/02/2014,4.1584,-0.03
25/02/2014,4.1595,-0.1
24/02/2014,4.1638,-0.1
21/02/2014,4.1681,-0.24
20/02/2014,4.178,0.34
19/02/2014,4.1638,0.13
18/02/2014,4.1584,0.32
17/02/2014,4.145,-0.19
14/02/2014,4.153,-0.53
13/02/2014,4.1752,0.16
12/02/2014,4.1686,-0.27
11/02/2014,4.1798,-0.06
10/02/2014,4.1822,-0.1
07/02/2014,4.1865,0.01
06/02/2014,4.186,-0.06
05/02/2014,4.1887,-0.6
04/02/2014,4.214,-0.55
03/02/2014,4.2375,0.02
31/01/2014,4.2368,0.01
30/01/2014,4.2365,0.5
29/01/2014,4.2155,0.78
28/01/2014,4.1827,-1.1
27/01/2014,4.2291,0.66
24/01/2014,4.2014,0.8
23/01/2014,4.1679,0.02
22/01/2014,4.1669,0.05
21/01/2014,4.1647,0.15
20/01/2014,4.1586,-0.04
17/01/2014,4.1601,-0.11
16/01/2014,4.1647,0.3
15/01/2014,4.1522,-0.1
14/01/2014,4.1565,-0.08
13/01/2014,4.16,-0.35
10/01/2014,4.1745,-0.07
09/01/2014,4.1776,-0.03
08/01/2014,4.1789,-0.02
07/01/2014,4.1798,0.37
03/01/2014,4.1645,0.03
02/01/2014,4.1631,0.38
31/12/2013,4.1472,-0.1
30/12/2013,4.1513,-0.06
27/12/2013,4.1538,0.06
24/12/2013,4.1512,-0.3
23/12/2013,4.1638,-0.03
20/12/2013,4.1652,-0.12
19/12/2013,4.17,-0.24
18/12/2013,4.18,0.03
17/12/2013,4.1788,0.01
16/12/2013,4.1784,-0.14
13/12/2013,4.1844,-0.08
12/12/2013,4.1878,0.18
11/12/2013,4.1803,-0.05
10/12/2013,4.1822,-0.15
09/12/2013,4.1883,-0.1
06/12/2013,4.1925,-0.12
05/12/2013,4.1974,-0.09
04/12/2013,4.2011,-0.05
03/12/2013,4.2032,0.16
02/12/2013,4.1965,-0.08
29/11/2013,4.1998,0.02
28/11/2013,4.1988,-0.12
27/11/2013,4.2038,0.25
26/11/2013,4.1935,0.01
25/11/2013,4.193,-0.15
22/11/2013,4.1995,0.15
21/11/2013,4.1933,0.21
20/11/2013,4.1847,0.14
19/11/2013,4.1789,-0.04
18/11/2013,4.1805,-0.2
15/11/2013,4.189,0
14/11/2013,4.189,-0.41
13/11/2013,4.2061,-0.01
12/11/2013,4.2066,0.64
08/11/2013,4.1799,0.25
07/11/2013,4.1696,-0.08
06/11/2013,4.1728,-0.18
05/11/2013,4.1805,-0.03
04/11/2013,4.1816,0.12
31/10/2013,4.1766,-0.25
30/10/2013,4.1869,-0.06
29/10/2013,4.1893,0.21
28/10/2013,4.1805,-0.25
25/10/2013,4.191,0.23
24/10/2013,4.1812,0.03
23/10/2013,4.18,0.03
22/10/2013,4.1786,-0.15
21/10/2013,4.185,0.19
18/10/2013,4.1769,0.07
17/10/2013,4.1738,-0.04
16/10/2013,4.1755,-0.24
15/10/2013,4.1855,-0.17
14/10/2013,4.1925,0.15
11/10/2013,4.1861,-0.14
10/10/2013,4.1918,-0.22
09/10/2013,4.201,0.27
08/10/2013,4.1896,-0.46
07/10/2013,4.2088,0.05
04/10/2013,4.2065,-0.1
03/10/2013,4.2105,-0.3
02/10/2013,4.2231,0
01/10/2013,4.223,0.16
30/09/2013,4.2163,-0.35
27/09/2013,4.231,0.11
26/09/2013,4.2262,0.26
25/09/2013,4.2153,-0.33
24/09/2013,4.2291,0.05
23/09/2013,4.2268,0.29
20/09/2013,4.2144,0.85
19/09/2013,4.179,-1.21
18/09/2013,4.2302,0.37
17/09/2013,4.2144,0.44
16/09/2013,4.1961,-0.35
13/09/2013,4.211,-0.3
12/09/2013,4.2238,-0.4
11/09/2013,4.2408,-0.54
10/09/2013,4.2637,-0.15
09/09/2013,4.27,-0.64
06/09/2013,4.2975,0.4
05/09/2013,4.2805,0.31
04/09/2013,4.2673,-0.11
03/09/2013,4.272,0.5
02/09/2013,4.2507,-0.34
30/08/2013,4.2654,-0.37
29/08/2013,4.2812,0.6
28/08/2013,4.2555,0.19
27/08/2013,4.2473,0.36
26/08/2013,4.232,-0.01
23/08/2013,4.2323,-0.36
22/08/2013,4.2477,0.09
21/08/2013,4.244,-0.07
20/08/2013,4.2468,-0.03
19/08/2013,4.248,0.59
16/08/2013,4.223,0.56
14/08/2013,4.1994,0.29
13/08/2013,4.1874,-0.13
12/08/2013,4.1927,-0.03
09/08/2013,4.194,-0.25
08/08/2013,4.2045,-0.26
07/08/2013,4.2153,0.11
06/08/2013,4.2107,-0.25
05/08/2013,4.2211,-0.82
02/08/2013,4.2558,0.52
01/08/2013,4.2339,-0.21
31/07/2013,4.2427,0.53
30/07/2013,4.2202,-0.28
29/07/2013,4.2319,0.06
26/07/2013,4.2295,-0.22
25/07/2013,4.2387,0.71
24/07/2013,4.209,-0.23
23/07/2013,4.2186,-0.26
22/07/2013,4.2296,-0.38
19/07/2013,4.2457,0.01
18/07/2013,4.2453,-0.4
17/07/2013,4.2624,-0.38
16/07/2013,4.2788,-0.31
15/07/2013,4.2922,-0.86
12/07/2013,4.3295,-0.12
11/07/2013,4.3345,0.24
10/07/2013,4.324,0.01
09/07/2013,4.3234,0.3
08/07/2013,4.3105,0.66
05/07/2013,4.2824,-0.9
04/07/2013,4.3213,-0.47
03/07/2013,4.3416,0.35
02/07/2013,4.3265,-0.13
01/07/2013,4.3323,0.07
28/06/2013,4.3292,-0.05
27/06/2013,4.3314,-0.08
26/06/2013,4.3348,0.53
25/06/2013,4.3118,-0.72
24/06/2013,4.3432,0.34
21/06/2013,4.3284,0.11
20/06/2013,4.3237,1.58
19/06/2013,4.2563,0.37
18/06/2013,4.2406,0.21
17/06/2013,4.2316,0.32
14/06/2013,4.218,-1.18
13/06/2013,4.2685,0.31
12/06/2013,4.2555,-0.47
11/06/2013,4.2756,0.43
10/06/2013,4.2571,-1.14
07/06/2013,4.3061,0.75
06/06/2013,4.2742,0.93
05/06/2013,4.2349,-0.4
04/06/2013,4.252,-0.62
03/06/2013,4.2786,-0.27
31/05/2013,4.2902,1.39
29/05/2013,4.2315,0.96
28/05/2013,4.1912,-0.09
27/05/2013,4.195,-0.24
24/05/2013,4.2049,0.07
23/05/2013,4.202,0.5
22/05/2013,4.1813,-0.02
21/05/2013,4.182,0.33
20/05/2013,4.1683,-0.36
17/05/2013,4.1834,0.03
16/05/2013,4.1822,0.23
15/05/2013,4.1725,0.29
14/05/2013,4.1606,0.09
13/05/2013,4.157,0.37
10/05/2013,4.1417,0.32
09/05/2013,4.1285,-0.49
08/05/2013,4.1487,-0.15
07/05/2013,4.155,0.17
06/05/2013,4.1479,-0.01
02/05/2013,4.1485,0.14
30/04/2013,4.1429,-0.17
29/04/2013,4.1501,-0.21
26/04/2013,4.1588,0.17
25/04/2013,4.1518,0.28
24/04/2013,4.1403,0.27
23/04/2013,4.1293,0.65
22/04/2013,4.1025,-0.23
19/04/2013,4.1118,-0.08
18/04/2013,4.115,0.13
17/04/2013,4.1097,-0.2
16/04/2013,4.1178,0.13
15/04/2013,4.1125,-0.18
12/04/2013,4.12,0.34
11/04/2013,4.1061,-0.18
10/04/2013,4.1135,-0.39
09/04/2013,4.1298,-0.47
08/04/2013,4.1495,-0.78
05/04/2013,4.182,-0.19
04/04/2013,4.1898,0
03/04/2013,4.1898,0.2
02/04/2013,4.1813,0.09
29/03/2013,4.1774,-0.22
28/03/2013,4.1866,0.21
27/03/2013,4.1779,0.13
26/03/2013,4.1723,0.33
25/03/2013,4.1586,-0.65
22/03/2013,4.186,0.13
21/03/2013,4.1805,0.64
20/03/2013,4.1538,0.18
19/03/2013,4.1465,-0.1
18/03/2013,4.1505,-0.22
15/03/2013,4.1595,0.35
14/03/2013,4.1448,-0.09
13/03/2013,4.1484,-0.04
12/03/2013,4.15,0.27
11/03/2013,4.139,-0.26
08/03/2013,4.1497,0.06
07/03/2013,4.1472,0.49
06/03/2013,4.1269,-0.22
05/03/2013,4.1361,0.03
04/03/2013,4.135,-0.2
01/03/2013,4.1432,-0.33
28/02/2013,4.157,-0.21
27/02/2013,4.1658,0.11
26/02/2013,4.1613,0.08
25/02/2013,4.158,0.01
22/02/2013,4.1574,-0.45
21/02/2013,4.176,0.38
20/02/2013,4.1602,-0.62
19/02/2013,4.1863,-0.16
18/02/2013,4.193,0.19
15/02/2013,4.1852,0.33
14/02/2013,4.1715,-0.16
13/02/2013,4.1781,0.23
12/02/2013,4.1686,0.4
11/02/2013,4.1519,-0.36
08/02/2013,4.167,-0.51
07/02/2013,4.1882,0.19
06/02/2013,4.1801,0.24
05/02/2013,4.17,0.45
04/02/2013,4.1515,-1.22
01/02/2013,4.2028,0.38
31/01/2013,4.187,0.03
30/01/2013,4.1858,-0.26
29/01/2013,4.1969,0.39
28/01/2013,4.1805,-0.23
25/01/2013,4.1903,-0.15
24/01/2013,4.1964,0.9
23/01/2013,4.1591,-0.26
22/01/2013,4.17,-0.15
21/01/2013,4.1762,1.13
18/01/2013,4.1294,0.28
17/01/2013,4.1178,-0.25
16/01/2013,4.128,0.31
15/01/2013,4.1151,-0.19
14/01/2013,4.1231,0.57
11/01/2013,4.0996,0.58
10/01/2013,4.076,-1.05
09/01/2013,4.1192,-0.17
08/01/2013,4.1263,0.11
07/01/2013,4.1218,-0.07
04/01/2013,4.1248,1.17
03/01/2013,4.077,0.24
02/01/2013,4.0671,-0.52
31/12/2012,4.0882,0.34
28/12/2012,4.0745,-0.38
27/12/2012,4.0899,0.5
24/12/2012,4.0696,0.13
21/12/2012,4.0643,-0.18
20/12/2012,4.0715,-0.04
19/12/2012,4.073,-0.42
18/12/2012,4.09,0.15
17/12/2012,4.0839,-0.18
14/12/2012,4.0912,-0.04
13/12/2012,4.0927,-0.02
12/12/2012,4.0937,-0.21
11/12/2012,4.1025,-0.55
10/12/2012,4.125,-0.2
07/12/2012,4.1332,0.21
06/12/2012,4.1247,-0.01
05/12/2012,4.1251,-0.05
04/12/2012,4.1273,0.46
03/12/2012,4.1083,0.05
30/11/2012,4.1064,0.23
29/11/2012,4.0968,-0.32
28/11/2012,4.1099,0.22
27/11/2012,4.1008,-0.37
26/11/2012,4.116,-0.17
23/11/2012,4.1229,0.21
22/11/2012,4.1142,-0.3
21/11/2012,4.1266,-0.25
20/11/2012,4.137,-0.36
19/11/2012,4.1521,-0.22
16/11/2012,4.1614,-0.23
15/11/2012,4.1712,-0.1
14/11/2012,4.1754,-0.07
13/11/2012,4.1782,0.29
12/11/2012,4.1661,0.32
09/11/2012,4.1527,-0.16
08/11/2012,4.1593,1.15
07/11/2012,4.1122,-0.22
06/11/2012,4.1211,0
05/11/2012,4.1213,0.11
02/11/2012,4.1169,-0.44
31/10/2012,4.135,-0.24
30/10/2012,4.145,-0.05
29/10/2012,4.1472,-0.17
26/10/2012,4.1543,0.27
25/10/2012,4.143,0.14
24/10/2012,4.1374,0.26
23/10/2012,4.1266,0.51
22/10/2012,4.1056,-0.11
19/10/2012,4.1103,0.17
18/10/2012,4.1034,0.23
17/10/2012,4.094,0.12
16/10/2012,4.0889,-0.08
15/10/2012,4.092,-0.09
12/10/2012,4.0957,-0.07
11/10/2012,4.0987,0.49
10/10/2012,4.0788,0.16
09/10/2012,4.0721,-0.12
08/10/2012,4.077,0.01
05/10/2012,4.0766,-0.41
04/10/2012,4.0933,-0.65
03/10/2012,4.1202,0.21
02/10/2012,4.1115,0.23
01/10/2012,4.102,-0.29
28/09/2012,4.1138,-0.92
27/09/2012,4.1518,0.25
26/09/2012,4.1415,-0.14
25/09/2012,4.1475,-0.13
24/09/2012,4.1528,0.45
21/09/2012,4.134,-0.71
20/09/2012,4.1635,1.01
19/09/2012,4.1217,0
18/09/2012,4.1217,0.81
17/09/2012,4.0887,0.75
14/09/2012,4.0584,-1.37
13/09/2012,4.1146,0.85
12/09/2012,4.0801,-0.69
11/09/2012,4.1085,-0.14
10/09/2012,4.1141,-0.32
07/09/2012,4.1275,-0.73
06/09/2012,4.158,-1.37
05/09/2012,4.2157,0.51
04/09/2012,4.1944,-0.09
03/09/2012,4.1981,0.34
31/08/2012,4.1838,-0.19
30/08/2012,4.1919,0.91
29/08/2012,4.154,1.44
28/08/2012,4.095,0.41
27/08/2012,4.0783,-0.56
24/08/2012,4.1012,0.63
23/08/2012,4.0756,0.07
22/08/2012,4.0729,0.11
21/08/2012,4.0683,0
20/08/2012,4.0684,0.01
17/08/2012,4.068,-0.34
16/08/2012,4.082,-0.17
14/08/2012,4.0888,0.16
13/08/2012,4.0823,0.13
10/08/2012,4.0771,0.38
09/08/2012,4.0615,-0.74
08/08/2012,4.0918,1.12
07/08/2012,4.0465,-0.05
06/08/2012,4.0486,-1.17
03/08/2012,4.0967,-0.23
02/08/2012,4.1063,-0.2
01/08/2012,4.1147,0.15
31/07/2012,4.1086,-0.78
30/07/2012,4.1411,-0.12
27/07/2012,4.1459,-0.94
26/07/2012,4.1853,-0.56
25/07/2012,4.2087,0.18
24/07/2012,4.2011,0.5
23/07/2012,4.18,0.41
20/07/2012,4.1629,0.08
19/07/2012,4.1596,-0.26
18/07/2012,4.1705,-0.18
17/07/2012,4.1782,-0.37
16/07/2012,4.1939,-0.28
13/07/2012,4.2055,0.11
12/07/2012,4.2008,0.5
11/07/2012,4.1801,-0.57
10/07/2012,4.2041,-0.85
09/07/2012,4.2401,0.53
06/07/2012,4.2178,-0.1
05/07/2012,4.2221,0.42
04/07/2012,4.2046,-0.15
03/07/2012,4.211,-0.47
02/07/2012,4.2308,-0.72
29/06/2012,4.2613,-0.34
28/06/2012,4.276,0.61
27/06/2012,4.25,-0.19
26/06/2012,4.258,-0.15
25/06/2012,4.2645,-0.15
22/06/2012,4.271,0.29
21/06/2012,4.2585,0.19
20/06/2012,4.2503,-0.54
19/06/2012,4.2733,0.12
18/06/2012,4.268,-0.57
15/06/2012,4.2925,-0.65
14/06/2012,4.3207,-0.24
13/06/2012,4.331,0.2
12/06/2012,4.3222,0.7
11/06/2012,4.2922,-0.36
08/06/2012,4.3078,-0.79
06/06/2012,4.3423,-1.14
05/06/2012,4.3922,-0.19
04/06/2012,4.4007,-0.27
01/06/2012,4.4126,0.54
31/05/2012,4.3889,0.36
30/05/2012,4.3731,0.51
29/05/2012,4.3511,0.16
28/05/2012,4.3442,-0.16
25/05/2012,4.351,-0.35
24/05/2012,4.3665,0.2
23/05/2012,4.3576,0.86
22/05/2012,4.3205,-0.27
21/05/2012,4.3322,-0.83
18/05/2012,4.3683,0.44
17/05/2012,4.349,-0.44
16/05/2012,4.3682,1.21
15/05/2012,4.316,0.37
14/05/2012,4.3,1.38
11/05/2012,4.2413,0.08
10/05/2012,4.2379,0.79
09/05/2012,4.2047,0.23
08/05/2012,4.1949,-0.1
07/05/2012,4.1991,0.27
04/05/2012,4.188,0.67
02/05/2012,4.16,-0.29
30/04/2012,4.1721,-0.24
27/04/2012,4.182,-0.01
26/04/2012,4.1825,-0.11
25/04/2012,4.187,-0.45
24/04/2012,4.2059,0.06
23/04/2012,4.2033,0.35
20/04/2012,4.1885,0.05
19/04/2012,4.1865,0.25
18/04/2012,4.176,-0.33
17/04/2012,4.19,-0.3
16/04/2012,4.2028,0.6
13/04/2012,4.1779,0.09
12/04/2012,4.174,-0.64
11/04/2012,4.2008,0.6
10/04/2012,4.1756,0.46
06/04/2012,4.1565,0.05
05/04/2012,4.1544,0.12
04/04/2012,4.1495,0.41
03/04/2012,4.1327,-0.24
02/04/2012,4.1428,-0.45
30/03/2012,4.1616,0.04
29/03/2012,4.16,0.23
28/03/2012,4.1503,0.49
27/03/2012,4.13,-0.26
26/03/2012,4.1409,-0.58
23/03/2012,4.1649,-0.11
22/03/2012,4.1694,0.8
21/03/2012,4.1364,0.2
20/03/2012,4.1282,0.03
19/03/2012,4.127,-0.23
16/03/2012,4.1367,-0.13
15/03/2012,4.142,0.06
14/03/2012,4.1395,0.64
13/03/2012,4.1132,0.17
12/03/2012,4.1062,-0.2
09/03/2012,4.1143,-0.27
08/03/2012,4.1255,-0.78
07/03/2012,4.1578,0.02
06/03/2012,4.157,0.54
05/03/2012,4.1345,0.53
02/03/2012,4.1125,-0.18
01/03/2012,4.1198,-0.4
29/02/2012,4.1365,-0.64
28/02/2012,4.163,-0.51
27/02/2012,4.1845,0.46
24/02/2012,4.1654,-0.37
23/02/2012,4.181,-0.11
22/02/2012,4.1857,0.29
21/02/2012,4.1735,-0.1
20/02/2012,4.1775,-0.16
17/02/2012,4.184,-1.03
16/02/2012,4.2276,1.39
15/02/2012,4.1695,-0.57
14/02/2012,4.1935,-0.03
13/02/2012,4.1948,-0.24
10/02/2012,4.2048,0.67
09/02/2012,4.1769,0.14
08/02/2012,4.171,-0.26
07/02/2012,4.1818,-0.05
06/02/2012,4.1837,-0.23
03/02/2012,4.1932,-0.15
02/02/2012,4.1995,0.15
01/02/2012,4.1933,-0.8
31/01/2012,4.227,-0.75
30/01/2012,4.2589,0.87
27/01/2012,4.2223,-0.49
26/01/2012,4.2431,-0.99
25/01/2012,4.2855,-0.07
24/01/2012,4.2885,-0.52
23/01/2012,4.3111,-0.34
20/01/2012,4.326,-0.3
19/01/2012,4.3391,-0.23
18/01/2012,4.3491,-0.5
17/01/2012,4.3708,-0.79
16/01/2012,4.4056,0.04
13/01/2012,4.404,-1.1
12/01/2012,4.4532,-0.25
11/01/2012,4.4645,-0.53
10/01/2012,4.4883,-0.04
09/01/2012,4.4902,-0.52
05/01/2012,4.5135,0.85
04/01/2012,4.4753,0.35
03/01/2012,4.4597,-0.1
02/01/2012,4.464,1.07
30/12/2011,4.4168,0.2
29/12/2011,4.4079,0.38
28/12/2011,4.3914,-0.59
27/12/2011,4.4175,-0.51
23/12/2011,4.4401,-0.08
22/12/2011,4.4438,0.03
21/12/2011,4.4424,-0.47
20/12/2011,4.4635,-0.61
19/12/2011,4.491,-0.41
16/12/2011,4.5094,-0.85
15/12/2011,4.5481,-0.35
14/12/2011,4.5642,0.09
13/12/2011,4.56,0.76
12/12/2011,4.5255,0.13
09/12/2011,4.5195,1.13
08/12/2011,4.4692,0
07/12/2011,4.469,-0.05
06/12/2011,4.4711,-0.14
05/12/2011,4.4773,-0.09
02/12/2011,4.4812,-0.6
01/12/2011,4.5083,-0.9
30/11/2011,4.5494,0.47
29/11/2011,4.5282,0.47
28/11/2011,4.5071,-0.13
25/11/2011,4.513,0.61
24/11/2011,4.4855,0.49
23/11/2011,4.4637,0.43
22/11/2011,4.4447,0.18
21/11/2011,4.4366,0.19
18/11/2011,4.4283,-0.23
17/11/2011,4.4387,0.53
16/11/2011,4.4155,0.21
15/11/2011,4.4064,0.1
14/11/2011,4.4022,0.49
10/11/2011,4.3807,0.11
09/11/2011,4.3757,0.32
08/11/2011,4.3619,-0.33
07/11/2011,4.3764,0.69
04/11/2011,4.3464,-0.79
03/11/2011,4.3809,-0.76
02/11/2011,4.4146,1.64
31/10/2011,4.3433,0.56
28/10/2011,4.319,-0.69
27/10/2011,4.3488,-0.84
26/10/2011,4.3856,0.16
25/10/2011,4.3787,-0.33
24/10/2011,4.3934,-0.06
21/10/2011,4.396,0.76
20/10/2011,4.3628,0.68
19/10/2011,4.3334,-0.38
18/10/2011,4.3499,1.83
17/10/2011,4.2716,-0.49
14/10/2011,4.2925,-0.55
13/10/2011,4.3161,0.03
12/10/2011,4.315,-0.6
11/10/2011,4.341,0.4
10/10/2011,4.3235,-1.24
07/10/2011,4.3779,0.03
06/10/2011,4.3765,-0.35
05/10/2011,4.3918,-0.09
04/10/2011,4.3957,-0.93
03/10/2011,4.437,0.58
30/09/2011,4.4112,-0.41
29/09/2011,4.4293,0.26
28/09/2011,4.418,0.6
27/09/2011,4.3915,-0.45
26/09/2011,4.4113,-1.75
23/09/2011,4.49,0.88
22/09/2011,4.451,1.33
21/09/2011,4.3925,0.26
20/09/2011,4.3811,0.68
19/09/2011,4.3513,0.12
16/09/2011,4.3462,-0.93
15/09/2011,4.3871,1.21
14/09/2011,4.3346,-0.57
13/09/2011,4.3595,0.89
12/09/2011,4.3212,0.17
09/09/2011,4.3139,2.26
08/09/2011,4.2187,0.01
07/09/2011,4.2182,0.11
06/09/2011,4.2135,0.19
05/09/2011,4.2055,0.88
02/09/2011,4.1687,0.57
01/09/2011,4.1452,0.02
31/08/2011,4.1445,-0.13
30/08/2011,4.1498,-0.26
29/08/2011,4.1607,-0.05
26/08/2011,4.1629,0.09
25/08/2011,4.1592,-0.02
24/08/2011,4.1601,0.16
23/08/2011,4.1533,-0.47
22/08/2011,4.1728,-0.44
19/08/2011,4.1913,1.2
18/08/2011,4.1417,-0.14
17/08/2011,4.1475,-0.26
16/08/2011,4.1583,0.18
12/08/2011,4.1509,-0.23
11/08/2011,4.1605,1.67
10/08/2011,4.0923,-0.27
09/08/2011,4.1033,1.2
08/08/2011,4.0546,0.3
05/08/2011,4.0423,0.36
04/08/2011,4.0278,-0.11
03/08/2011,4.0321,0.24
02/08/2011,4.0225,0.92
01/08/2011,3.9859,-0.66
29/07/2011,4.0125,0.11
28/07/2011,4.0082,0.05
27/07/2011,4.006,0.04
26/07/2011,4.0043,-0.05
25/07/2011,4.0065,0.77
22/07/2011,3.976,-0.39
21/07/2011,3.9914,-0.25
20/07/2011,4.0014,-0.57
19/07/2011,4.0242,-0.4
18/07/2011,4.0402,0.15
15/07/2011,4.0343,0.13
14/07/2011,4.0291,0.01
13/07/2011,4.0288,-0.24
12/07/2011,4.0383,1.61
11/07/2011,3.9743,1.01
08/07/2011,3.9345,-0.39
07/07/2011,3.9498,-0.08
06/07/2011,3.9531,0.11
05/07/2011,3.9487,0.06
04/07/2011,3.9463,-0.41
01/07/2011,3.9626,-0.6
30/06/2011,3.9866,-0.57
29/06/2011,4.0095,0.07
28/06/2011,4.0067,0.14
27/06/2011,4.0012,0.27
24/06/2011,3.9905,0.15
22/06/2011,3.9846,-0.01
21/06/2011,3.9848,-0.21
20/06/2011,3.993,0.36
17/06/2011,3.9788,0.28
16/06/2011,3.9678,0.62
15/06/2011,3.9433,0.25
14/06/2011,3.9335,0.03
13/06/2011,3.9324,-0.23
10/06/2011,3.9413,-0.35
09/06/2011,3.955,0.15
08/06/2011,3.949,0.04
07/06/2011,3.9476,-0.37
06/06/2011,3.9621,0.06
03/06/2011,3.9598,-0.36
02/06/2011,3.974,0.37
01/06/2011,3.9595,0.07
31/05/2011,3.9569,-0.4
30/05/2011,3.9726,-0.15
27/05/2011,3.9785,0.25
26/05/2011,3.9685,0.44
25/05/2011,3.9511,0.08
24/05/2011,3.9481,0.11
23/05/2011,3.9437,0.59
20/05/2011,3.9207,0.01
19/05/2011,3.9205,0
18/05/2011,3.9205,-0.16
17/05/2011,3.9269,-0.16
16/05/2011,3.933,0.5
13/05/2011,3.9135,-0.03
12/05/2011,3.9147,-0.12
11/05/2011,3.9193,-0.23
10/05/2011,3.9284,0.18
09/05/2011,3.9215,-0.97
06/05/2011,3.96,0.49
05/05/2011,3.9406,0.1
04/05/2011,3.9366,0.11
02/05/2011,3.9322,-0.14
29/04/2011,3.9376,0.06
28/04/2011,3.9353,-0.17
27/04/2011,3.9421,-0.01
26/04/2011,3.9423,-0.29
22/04/2011,3.9536,-0.63
21/04/2011,3.9787,0.4
20/04/2011,3.9629,-0.47
19/04/2011,3.9815,0.65
18/04/2011,3.9559,0.2
15/04/2011,3.9479,-0.05
14/04/2011,3.9498,-0.65
13/04/2011,3.9756,0.08
12/04/2011,3.9726,-0.08
11/04/2011,3.9758,0.41
08/04/2011,3.9594,-0.58
07/04/2011,3.9823,-0.42
06/04/2011,3.9989,-0.66
05/04/2011,4.0253,-0.18
04/04/2011,4.0325,0.03
01/04/2011,4.0312,0.48
31/03/2011,4.0119,0.6
30/03/2011,3.9878,-0.13
29/03/2011,3.993,-0.13
28/03/2011,3.998,-0.65
25/03/2011,4.024,-0.07
24/03/2011,4.027,-0.21
23/03/2011,4.0353,0.02
22/03/2011,4.0345,-0.33
21/03/2011,4.0477,-0.34
18/03/2011,4.0615,-0.45
17/03/2011,4.08,0.6
16/03/2011,4.0557,-0.15
15/03/2011,4.0618,1.01
14/03/2011,4.0211,-0.26
11/03/2011,4.0316,1
10/03/2011,3.9915,0.39
09/03/2011,3.9758,0.01
08/03/2011,3.9756,-0.1
07/03/2011,3.9795,-0.48
04/03/2011,3.9988,0.54
03/03/2011,3.9773,-0.01
02/03/2011,3.9776,0.41
01/03/2011,3.9612,-0.38
28/02/2011,3.9763,0.02
25/02/2011,3.9757,-0.4
24/02/2011,3.9916,0.86
23/02/2011,3.9575,-0.14
22/02/2011,3.9632,0.86
21/02/2011,3.9295,0.49
18/02/2011,3.9105,0.09
17/02/2011,3.9068,-0.14
16/02/2011,3.9123,-0.7
15/02/2011,3.9398,0.16
14/02/2011,3.9337,-0.08
11/02/2011,3.937,0.31
10/02/2011,3.9248,0.65
09/02/2011,3.8993,0.65
08/02/2011,3.8742,0.15
07/02/2011,3.8684,-1
04/02/2011,3.9075,-0.25
03/02/2011,3.9173,0.39
02/02/2011,3.9019,-0.28
01/02/2011,3.9129,-0.55
31/01/2011,3.9345,0.6
28/01/2011,3.9111,0.26
27/01/2011,3.9009,0.6
26/01/2011,3.8777,0
25/01/2011,3.8777,0.03
24/01/2011,3.8765,-0.44
21/01/2011,3.8936,0.02
20/01/2011,3.8929,0.18
19/01/2011,3.886,0.53
18/01/2011,3.8656,-0.09
17/01/2011,3.8692,-0.36
14/01/2011,3.8833,0.57
13/01/2011,3.8613,0.55
12/01/2011,3.8403,-1.17
11/01/2011,3.8858,-0.57
10/01/2011,3.9082,0.91
07/01/2011,3.873,-0.93
05/01/2011,3.9095,-0.86
04/01/2011,3.9433,-0.48
03/01/2011,3.9622,0.05
31/12/2010,3.9603,-0.25
30/12/2010,3.9704,-0.52
29/12/2010,3.9913,0.18
28/12/2010,3.984,0.19
27/12/2010,3.9763,0.31
24/12/2010,3.964,-0.24
23/12/2010,3.9735,-0.44
22/12/2010,3.9909,-0.09
21/12/2010,3.9944,-0.14
20/12/2010,3.9998,0.4
17/12/2010,3.9837,-0.15
16/12/2010,3.9896,0.05
15/12/2010,3.9877,-0.09
14/12/2010,3.9911,-0.82
13/12/2010,4.024,-0.34
10/12/2010,4.0376,0.11
09/12/2010,4.033,-0.21
08/12/2010,4.0415,0.84
07/12/2010,4.0078,0.26
06/12/2010,3.9974,0.02
03/12/2010,3.9968,0.1
02/12/2010,3.9928,-0.69
01/12/2010,4.0205,-1.3
30/11/2010,4.0734,1.13
29/11/2010,4.0278,0.07
26/11/2010,4.0248,1.26
25/11/2010,3.9747,0.13
24/11/2010,3.9695,0.64
23/11/2010,3.9443,0.38
22/11/2010,3.9292,-0.23
19/11/2010,3.9381,-0.01
18/11/2010,3.9386,-0.31
17/11/2010,3.951,0.41
16/11/2010,3.9348,-0.21
15/11/2010,3.943,0.13
12/11/2010,3.9377,1.06
10/11/2010,3.8964,-0.94
09/11/2010,3.9334,0.19
08/11/2010,3.9258,0.17
05/11/2010,3.919,0.12
04/11/2010,3.9142,-0.5
03/11/2010,3.9339,-0.46
02/11/2010,3.9519,-1.06
29/10/2010,3.9944,0.55
28/10/2010,3.9725,0.71
27/10/2010,3.9446,0.24
26/10/2010,3.9351,-0.29
25/10/2010,3.9464,-0.68
22/10/2010,3.9734,0.51
21/10/2010,3.9533,-0.42
20/10/2010,3.97,0.97
19/10/2010,3.9317,0.16
18/10/2010,3.9254,0.46
15/10/2010,3.9074,0.21
14/10/2010,3.8992,-1.5
13/10/2010,3.9587,-0.31
12/10/2010,3.9711,-0.11
11/10/2010,3.9754,-0.27
08/10/2010,3.986,0.52
07/10/2010,3.9655,0.7
06/10/2010,3.9378,-0.92
05/10/2010,3.9742,0.42
04/10/2010,3.9577,0.28
01/10/2010,3.9465,-1.02
30/09/2010,3.987,0.4
29/09/2010,3.971,-0.16
28/09/2010,3.9773,0.48
27/09/2010,3.9582,-0.42
24/09/2010,3.9747,-0.17
23/09/2010,3.9813,0.98
22/09/2010,3.9427,-0.08
21/09/2010,3.9458,-0.12
20/09/2010,3.9506,-0.1
17/09/2010,3.9545,0.51
16/09/2010,3.9345,-0.04
15/09/2010,3.9361,-0.33
14/09/2010,3.9493,0.22
13/09/2010,3.9407,0.23
10/09/2010,3.9316,-0.27
09/09/2010,3.9421,-0.18
08/09/2010,3.9494,0
07/09/2010,3.9495,0.55
06/09/2010,3.9279,-0.9
03/09/2010,3.9635,-0.06
02/09/2010,3.9659,-0.66
01/09/2010,3.9922,-0.29
31/08/2010,4.0038,0.71
30/08/2010,3.9755,-0.14
27/08/2010,3.981,-0.29
26/08/2010,3.9927,-0.05
25/08/2010,3.9946,-0.39
24/08/2010,4.0104,0.64
23/08/2010,3.985,0.33
20/08/2010,3.9719,0.54
19/08/2010,3.9506,-0.07
18/08/2010,3.9535,-0.43
17/08/2010,3.9707,-0.81
16/08/2010,4.003,0.22
13/08/2010,3.9941,-0.48
12/08/2010,4.0134,0.36
11/08/2010,3.9992,0.67
10/08/2010,3.9727,-0.36
09/08/2010,3.9871,-0.03
06/08/2010,3.9881,0.05
05/08/2010,3.986,-0.85
04/08/2010,4.02,0.82
03/08/2010,3.9875,0.06
02/08/2010,3.9852,-0.57
30/07/2010,4.008,0.22
29/07/2010,3.9993,-0.03
28/07/2010,4.0006,-0.3
27/07/2010,4.0125,-0.86
26/07/2010,4.0472,-0.4
23/07/2010,4.0633,-0.91
22/07/2010,4.1007,-0.34
21/07/2010,4.1145,-0.24
20/07/2010,4.1243,-0.07
19/07/2010,4.1272,0.86
16/07/2010,4.092,0.79
15/07/2010,4.06,-0.01
14/07/2010,4.0605,-0.42
13/07/2010,4.0775,-0.21
12/07/2010,4.0861,0.31
09/07/2010,4.0733,-0.22
08/07/2010,4.0823,-1.08
07/07/2010,4.1268,0.38
06/07/2010,4.111,-0.15
05/07/2010,4.117,-0.67
02/07/2010,4.1448,-0.2
01/07/2010,4.1529,0.17
30/06/2010,4.1458,-0.46
29/06/2010,4.1649,1.22
28/06/2010,4.1148,-0.62
25/06/2010,4.1405,1.29
24/06/2010,4.0877,0.71
23/06/2010,4.0587,0.13
22/06/2010,4.0535,0.58
21/06/2010,4.03,-1.06
18/06/2010,4.0732,-0.19
17/06/2010,4.0811,0.39
16/06/2010,4.0653,-0.27
15/06/2010,4.0765,-0.18
14/06/2010,4.0838,-0.17
11/06/2010,4.0909,-1.04
10/06/2010,4.1338,0.26
09/06/2010,4.123,-0.66
08/06/2010,4.1502,-0.45
07/06/2010,4.1688,1.76
04/06/2010,4.0967,-0.22
02/06/2010,4.1056,-0.37
01/06/2010,4.1208,1.07
31/05/2010,4.077,0.72
28/05/2010,4.0479,-1.28
27/05/2010,4.1004,-0.88
26/05/2010,4.1366,-0.88
25/05/2010,4.1735,1.63
24/05/2010,4.1067,-0.87
21/05/2010,4.1428,0.66
20/05/2010,4.1157,0.63
19/05/2010,4.0898,2.15
18/05/2010,4.0038,-0.51
17/05/2010,4.0244,0.98
14/05/2010,3.9852,0.66
13/05/2010,3.9591,-0.77
12/05/2010,3.99,-1.34
11/05/2010,4.0441,1.11
10/05/2010,3.9998,-4.24
07/05/2010,4.177,2.45
06/05/2010,4.0773,1.39
05/05/2010,4.0215,2.3
04/05/2010,3.931,0.74
30/04/2010,3.902,-0.4
29/04/2010,3.9175,-0.86
28/04/2010,3.9514,1.41
27/04/2010,3.8965,0.51
26/04/2010,3.8766,-0.1
23/04/2010,3.8804,0.39
22/04/2010,3.8653,-0.02
21/04/2010,3.8662,-0.76
20/04/2010,3.8958,-0.13
19/04/2010,3.901,0.74
16/04/2010,3.8725,0.22
15/04/2010,3.8641,-0.05
14/04/2010,3.8659,-0.45
13/04/2010,3.8834,0.42
12/04/2010,3.8673,0.7
09/04/2010,3.8405,-0.31
08/04/2010,3.8526,0.39
07/04/2010,3.8378,0.06
06/04/2010,3.8356,-0.41
02/04/2010,3.8515,0.12
01/04/2010,3.8467,-0.4
31/03/2010,3.8622,-0.37
30/03/2010,3.8765,-0.42
29/03/2010,3.8929,0.19
26/03/2010,3.8856,-0.12
25/03/2010,3.8902,0.35
24/03/2010,3.8766,-0.51
23/03/2010,3.8963,-0.44
22/03/2010,3.9136,0.58
19/03/2010,3.8909,0.48
18/03/2010,3.8723,0.1
17/03/2010,3.8684,-0.48
16/03/2010,3.887,-0.36
15/03/2010,3.901,0.22
12/03/2010,3.8923,-0.21
11/03/2010,3.9006,0.66
10/03/2010,3.875,-0.22
09/03/2010,3.8837,0.16
08/03/2010,3.8774,-0.19
05/03/2010,3.8848,-0.75
04/03/2010,3.9141,-0.33
03/03/2010,3.927,-0.14
02/03/2010,3.9324,-0.2
01/03/2010,3.9403,-0.92
26/02/2010,3.9768,-0.41
25/02/2010,3.9933,-0.2
24/02/2010,4.0015,0.97
23/02/2010,3.963,-0.2
22/02/2010,3.9711,-0.8
19/02/2010,4.0031,0.44
18/02/2010,3.9855,-0.06
17/02/2010,3.9878,-0.72
16/02/2010,4.0168,-0.15
15/02/2010,4.0227,0.48
12/02/2010,4.0035,-1.27
11/02/2010,4.0548,-0.12
10/02/2010,4.0595,-0.45
09/02/2010,4.0779,-0.33
08/02/2010,4.0916,-0.01
05/02/2010,4.0921,1.67
04/02/2010,4.025,1.41
03/02/2010,3.969,-0.4
02/02/2010,3.9849,-0.46
01/02/2010,4.0035,-1.43
29/01/2010,4.0616,-0.03
28/01/2010,4.063,-0.61
27/01/2010,4.0878,-0.22
26/01/2010,4.0969,0.89
25/01/2010,4.0609,-0.33
22/01/2010,4.0742,0.2
21/01/2010,4.0661,1.29
20/01/2010,4.0143,-0.12
19/01/2010,4.019,-0.3
18/01/2010,4.0312,-0.07
15/01/2010,4.0339,-0.48
14/01/2010,4.0534,-0.2
13/01/2010,4.0615,-0.49
12/01/2010,4.0814,0.54
11/01/2010,4.0595,-1.19
08/01/2010,4.1084,-0.06
07/01/2010,4.1109,0.39
06/01/2010,4.095,0.38
05/01/2010,4.0794,-0.32
04/01/2010,4.0924,0
